time,latitude,longitude,depth,mag,magType,nst,gap,dmin,rms,net,id,updated,place,type,horizontalError,depthError,magError,magNst,status,locationSource,magSource
2025-01-25T05:36:41.019Z,43.2894,-126.8461,10,4.7,mb,188,184,1.604,0.71,us,us6000pm9b,2025-01-25T07:56:06.140Z,"199 km W of Bandon, Oregon",earthquake,7.17,1.94,0.046,147,reviewed,us,us
2025-01-25T04:57:56.150Z,-3.5872,131.3548,10,4.8,mb,36,78,1.112,0.63,us,us6000pm95,2025-01-25T05:20:11.040Z,"127 km SW of Fakfak, Indonesia",earthquake,5.8,1.909,0.097,35,reviewed,us,us
2025-01-25T03:39:34.806Z,-27.5808,-72.2502,10,4.6,mb,34,144,1.212,1.02,us,us6000pm8t,2025-01-25T04:16:43.040Z,"183 km NW of Vallenar, Chile",earthquake,5.79,1.902,0.095,33,reviewed,us,us
2025-01-25T03:08:22.807Z,22.0754,144.3988,43.46,4.9,mb,82,97,5.389,0.91,us,us6000pm8m,2025-01-25T03:32:24.040Z,"Volcano Islands, Japan region",earthquake,11.06,7.148,0.044,166,reviewed,us,us
2025-01-24T22:01:56.527Z,23.161,120.4274,10,4.9,mb,66,72,0.232,0.9,us,us6000pm7g,2025-01-25T05:34:24.058Z,"5 km NW of Yujing, Taiwan",earthquake,3.38,1.824,0.057,96,reviewed,us,us
2025-01-24T18:55:15.907Z,81.5539,-3.9623,10,4.5,mb,127,33,1.869,0.56,us,us6000pm62,2025-01-24T21:55:08.040Z,"north of Svalbard",earthquake,5.02,1.87,0.051,118,reviewed,us,us
2025-01-24T18:26:51.850Z,-3.9136,150.7678,10,5.7,mww,150,24,1.419,0.73,us,us6000pm5y,2025-01-24T20:30:59.845Z,"148 km S of Kavieng, Papua New Guinea",earthquake,5.47,1.81,0.054,33,reviewed,us,us
2025-01-24T16:19:04.914Z,-18.1024,-69.411,126.858,5.3,mww,62,56,0.924,0.9,us,us6000pm4b,2025-01-24T18:09:49.884Z,"68 km ESE of Palca, Peru",earthquake,7.81,6.69,0.078,16,reviewed,us,us
2025-01-24T16:05:16.091Z,-10.1892,164.1035,83.562,4.6,mb,19,228,4.163,1.07,us,us6000pm46,2025-01-24T16:22:55.040Z,"194 km WNW of Lata, Solomon Islands",earthquake,14.61,14.138,0.122,20,reviewed,us,us
2025-01-24T15:51:48.288Z,28.104,52.3599,10,4.7,mb,40,103,4.664,0.71,us,us6000pm3b,2025-01-25T04:42:04.771Z,"79 km NW of Mohr, Iran",earthquake,8.09,1.803,0.07,62,reviewed,us,us
2025-01-24T13:54:27.872Z,9.2654,40.2474,10,4.7,mb,34,230,3.406,0.68,us,us6000pm1e,2025-01-24T14:18:18.040Z,"32 km NNE of Āwash, Ethiopia",earthquake,12.05,1.985,0.11,25,reviewed,us,us
2025-01-24T13:37:10.950Z,-4.0779,121.79,10,4.8,mww,64,34,3.171,0.88,us,us6000pm1b,2025-01-24T14:10:37.040Z,"81 km W of Kendari, Indonesia",earthquake,6.76,1.858,0.075,17,reviewed,us,us
2025-01-24T11:18:41.411Z,23.1407,120.4284,10,4.8,mww,83,96,0.244,0.9,us,us6000pm0v,2025-01-25T01:10:57.718Z,"3 km WNW of Yujing, Taiwan",earthquake,3.36,1.854,0.073,18,reviewed,us,us
2025-01-24T06:27:38.865Z,-46.7406,33.2347,10,4.8,mb,16,104,12.82,0.57,us,us6000plzq,2025-01-24T07:04:39.040Z,"Prince Edward Islands region",earthquake,10.1,1.714,0.144,15,reviewed,us,us
2025-01-24T05:59:17.625Z,28.8604,87.4961,10,4.6,mb,78,97,2.222,0.93,us,us6000plzm,2025-01-24T17:56:32.843Z,"Southern Tibetan Plateau",earthquake,7.44,1.868,0.07,61,reviewed,us,us
2025-01-24T04:26:57.909Z,-41.0888,-86.1322,10,4.9,mb,31,217,10.079,1.13,us,us6000plzg,2025-01-24T04:48:03.040Z,"West Chile Rise",earthquake,11.95,1.984,0.062,83,reviewed,us,us
2025-01-24T02:53:59.754Z,-1.9784,138.9072,23.076,4.6,mb,36,79,1.872,0.74,us,us6000plz7,2025-01-24T04:18:11.040Z,"203 km WNW of Abepura, Indonesia",earthquake,7.19,4.037,0.103,34,reviewed,us,us
2025-01-24T01:01:43.693Z,9.3248,40.1013,10,4.7,mb,33,114,3.478,1.19,us,us6000plyr,2025-01-24T01:41:55.040Z,"38 km N of Āwash, Ethiopia",earthquake,12.02,1.938,0.108,26,reviewed,us,us
2025-01-23T23:01:17.459Z,-19.3592,115.1954,10,4.8,mb,16,137,3.388,0.22,us,us6000ply9,2025-01-23T23:54:29.040Z,"214 km NW of Dampier, Australia",earthquake,6.45,1.873,0.143,15,reviewed,us,us
2025-01-23T19:59:27.975Z,-27.637,-13.3812,10,4.8,mb,57,66,9.446,0.4,us,us6000plwx,2025-01-23T20:59:50.040Z,"southern Mid-Atlantic Ridge",earthquake,10.87,1.864,0.067,70,reviewed,us,us
2025-01-23T19:23:37.096Z,24.6224,95.1177,126.088,5.1,mb,113,25,3.406,0.5,us,us6000plwf,2025-01-24T20:39:11.971Z,"106 km E of Wāngjing, India",earthquake,8.66,6.526,0.039,215,reviewed,us,us
2025-01-23T18:51:50.339Z,10.6738,125.5695,50.508,4.5,mb,65,87,3.581,0.95,us,us6000plwd,2025-01-23T21:55:12.040Z,"34 km N of Loreto, Philippines",earthquake,9.7,5.22,0.065,69,reviewed,us,us
2025-01-23T16:19:30.303Z,8.9774,40.1518,10,4.6,mb,32,111,3.67,1.16,us,us6000plte,2025-01-23T16:36:50.040Z,"1 km WSW of Āwash, Ethiopia",earthquake,10.92,1.868,0.105,27,reviewed,us,us
2025-01-23T15:04:46.722Z,53.0449,159.8085,48.845,4.8,mb,53,130,30.223,0.88,us,us6000plt6,2025-01-23T15:24:28.040Z,"79 km E of Petropavlovsk-Kamchatsky, Russia",earthquake,13.03,7.227,0.049,127,reviewed,us,us
2025-01-23T11:14:03.975Z,-12.8369,168.919,621.413,5.6,mww,77,34,3.082,0.71,us,us6000plst,2025-01-24T11:21:37.097Z,"187 km NE of Sola, Vanuatu",earthquake,7.77,7.156,0.061,26,reviewed,us,us
2025-01-23T09:53:15.261Z,-7.2372,120.8541,493.914,4.5,mb,53,34,1.952,0.69,us,us6000plsl,2025-01-23T10:44:09.040Z,"157 km NNE of Ruteng, Indonesia",earthquake,11.34,6.85,0.121,20,reviewed,us,us
2025-01-23T09:50:54.525Z,11.9278,142.2578,51.245,4.9,mb,43,111,3.035,1.12,us,us6000plsn,2025-01-24T11:04:46.249Z,"south of the Mariana Islands",earthquake,12.67,6.752,0.05,127,reviewed,us,us
2025-01-23T06:17:42.997Z,-19.0622,169.5089,259.936,4.7,mb,85,86,4.025,0.48,us,us6000plrx,2025-01-23T06:36:52.040Z,"58 km NNE of Isangel, Vanuatu",earthquake,5.57,8.421,0.063,75,reviewed,us,us
2025-01-23T05:42:13.120Z,28.1866,52.3153,10,4.7,mb,98,74,4.748,0.65,us,us6000plru,2025-01-23T05:57:53.040Z,"77 km SSW of Fīrūzābād, Iran",earthquake,8.07,1.87,0.062,80,reviewed,us,us
2025-01-23T05:22:53.721Z,8.9934,39.9601,10,4.9,mb,69,90,3.798,0.54,us,us6000plrr,2025-01-23T05:37:53.040Z,"11 km NNE of Metahāra, Ethiopia",earthquake,8.76,1.789,0.076,55,reviewed,us,us
2025-01-23T03:41:09.640Z,7.6743,122.0595,10,5.4,mww,82,32,3.542,1.01,us,us6000plrc,2025-01-24T03:47:03.441Z,"9 km WSW of Siocon, Philippines",earthquake,8.4,1.853,0.068,21,reviewed,us,us
2025-01-23T02:18:06.604Z,8.9228,39.8699,10,4.5,mb,32,141,3.911,1.1,us,us6000plr5,2025-01-23T02:40:31.040Z,"5 km WNW of Metahāra, Ethiopia",earthquake,12.36,1.945,0.121,20,reviewed,us,us
2025-01-23T01:56:56.198Z,14.4748,-90.5114,187.367,4.8,mb,89,109,0.058,0.96,us,us6000plr3,2025-01-23T02:20:31.040Z,"2 km ESE of Villa Canales, Guatemala",earthquake,8.93,6.702,0.036,243,reviewed,us,us
2025-01-22T23:39:46.079Z,10.131,125.1803,9,5.7,mww,139,37,3.067,0.87,us,us6000plql,2025-01-23T23:46:58.786Z,"7 km ESE of Liloan, Philippines",earthquake,8.86,1.76,0.047,43,reviewed,us,us
2025-01-22T23:09:04.977Z,36.9676,139.358,10,4.5,mb,49,121,1.018,0.81,us,us6000plqf,2025-01-22T23:35:30.040Z,"16 km NNE of Katashina, Japan",earthquake,6.81,1.87,0.081,45,reviewed,us,us
2025-01-22T19:06:33.163Z,11.8151,143.6963,10,4.7,mb,44,146,2.102,0.72,us,us6000plnt,2025-01-22T19:43:51.040Z,"192 km SSW of Merizo Village, Guam",earthquake,10.44,1.938,0.096,33,reviewed,us,us
2025-01-22T18:42:01.022Z,-22.652,-179.2125,542.679,4.6,mb,72,100,6.286,1.04,us,us6000plnj,2025-01-22T18:57:43.040Z,"south of the Fiji Islands",earthquake,11.65,8.94,0.066,72,reviewed,us,us
2025-01-22T18:26:08.381Z,-42.1949,88.3017,10,5.1,mb,73,50,24.636,0.94,us,us6000plnf,2025-01-22T18:49:42.040Z,"southeast Indian Ridge",earthquake,11.64,1.79,0.069,67,reviewed,us,us
2025-01-22T17:49:29.142Z,36.9576,139.3007,7.347,4.8,mww,116,68,0.97,0.68,us,us6000plms,2025-01-22T22:31:09.659Z,"13 km NNE of Katashina, Japan",earthquake,7.41,3.604,0.093,11,reviewed,us,us
2025-01-22T15:27:43.568Z,24.7277,93.1005,10,4.5,mb,47,87,3.884,0.81,us,us6000pll1,2025-01-22T16:19:42.823Z,"11 km SE of Lakhipur, India",earthquake,5.83,1.913,0.099,30,reviewed,us,us
2025-01-22T13:33:18.834Z,9.6959,126.2155,14.651,4.7,mb,77,69,2.684,0.73,us,us6000plkt,2025-01-22T21:49:00.028Z,"13 km ESE of Union, Philippines",earthquake,7.88,4.486,0.061,82,reviewed,us,us
2025-01-22T13:26:09.059Z,51.5924,-176.7303,60.766,4.9,mb,85,135,0.369,0.77,us,us6000plkr,2025-01-22T14:04:19.792Z,"32 km SSW of Adak, Alaska",earthquake,8.2,4.266,0.033,289,reviewed,us,us
2025-01-22T09:47:50.927Z,-20.7618,168.5595,10,5,mb,35,86,2.113,0.79,us,us6000plk7,2025-01-22T10:30:15.040Z,"112 km NE of Tadine, New Caledonia",earthquake,5.98,1.879,0.055,106,reviewed,us,us
2025-01-22T08:11:47.033Z,22.0402,121.4742,30.131,4.9,mb,51,74,0.855,1.05,us,us6000pljv,2025-01-22T08:46:14.040Z,"75 km E of Hengchun, Taiwan",earthquake,8.58,6.334,0.07,63,reviewed,us,us
2025-01-22T00:14:16.435Z,23.2434,120.6027,12.255,4.5,mb,37,93,0.062,0.59,us,us6000plis,2025-01-23T02:16:36.040Z,"19 km NE of Yujing, Taiwan",earthquake,1.78,3.025,0.131,17,reviewed,us,us
2025-01-21T23:34:46.837Z,-17.7228,-178.7155,554.766,4.6,mb,46,75,2.21,0.82,us,us6000plip,2025-01-23T01:00:19.040Z,"211 km E of Levuka, Fiji",earthquake,13.71,8.396,0.094,35,reviewed,us,us
2025-01-21T22:37:18.515Z,35.5572,89.5137,40.386,4.6,mb,57,98,5.994,0.87,us,us6000plig,2025-01-23T00:42:35.040Z,"western Xizang",earthquake,11.74,7.785,0.075,53,reviewed,us,us
2025-01-21T21:44:49.038Z,9.1395,40.0146,10,5.1,mww,56,91,3.662,0.63,us,us6000pli7,2025-01-22T23:05:53.950Z,"24 km NW of Āwash, Ethiopia",earthquake,10.23,1.904,0.093,11,reviewed,us,us
2025-01-21T20:46:28.327Z,-23.8113,-179.7083,539.47,4.8,mb,45,98,5.659,1.04,us,us6000plhu,2025-01-21T21:10:51.040Z,"south of the Fiji Islands",earthquake,11.16,8.013,0.083,45,reviewed,us,us
2025-01-21T20:38:43.979Z,39.4575,26.2668,10,5,mww,118,22,0.628,0.62,us,us6000plhn,2025-01-23T11:12:34.025Z,"6 km SW of Behram, Turkey",earthquake,5.26,1.844,0.053,34,reviewed,us,us
2025-01-21T20:00:51.746Z,-3.0087,148.5281,10,5.3,mww,84,83,1.506,0.84,us,us6000plhj,2025-01-21T20:17:46.040Z,"176 km SE of Lorengau, Papua New Guinea",earthquake,7.18,1.868,0.065,23,reviewed,us,us
2025-01-21T18:48:25.571Z,21.4135,121.0614,38.728,5.1,mww,129,44,1.92,0.69,us,us6000plh9,2025-01-22T03:41:20.228Z,"73 km SSE of Hengchun, Taiwan",earthquake,7.29,6.358,0.065,23,reviewed,us,us
2025-01-21T18:42:13.625Z,-31.4709,-178.0691,30.384,4.8,mb,32,175,2.205,1.28,us,us6000plh8,2025-01-21T19:01:34.040Z,"Kermadec Islands region",earthquake,10.12,7.486,0.104,29,reviewed,us,us
2025-01-21T16:58:16.828Z,-21.358,-68.569,116.638,4.7,mww,100,46,0.763,0.94,us,us6000plfq,2025-01-22T13:44:02.820Z,"35 km WSW of Ollagüe, Chile",earthquake,5.12,5.61,0.103,9,reviewed,us,us
2025-01-21T13:40:18.062Z,23.3572,-108.2196,10,5.3,mww,218,172,7.217,0.72,us,us6000plfb,2025-01-24T14:43:49.040Z,"132 km SSW of Las Arenitas, Mexico",earthquake,10.01,1.925,0.04,59,reviewed,us,us
2025-01-21T13:32:53.619Z,-1.2582,-24.3086,10,4.9,mb,43,93,11.924,0.67,us,us6000plfc,2025-01-21T14:16:08.040Z,"central Mid-Atlantic Ridge",earthquake,10.38,1.874,0.092,37,reviewed,us,us
2025-01-21T11:55:04.853Z,52.6777,-166.6143,17.822,5,mb,111,136,1.074,0.85,us,us6000plew,2025-01-24T12:05:13.962Z,"133 km S of Unalaska, Alaska",earthquake,5.73,4.916,0.043,172,reviewed,us,us
2025-01-21T11:16:02.010Z,0.8502,126.571,48.425,4.9,mb,97,61,0.799,0.64,us,us6000plem,2025-01-21T16:00:09.040Z,"90 km W of Ternate, Indonesia",earthquake,5.76,6.803,0.062,83,reviewed,us,us
2025-01-21T11:15:30.546Z,-3.7368,151.5823,10,5.5,mww,72,84,0.735,0.58,us,us6000plel,2025-01-22T14:37:20.040Z,"82 km NW of Rabaul, Papua New Guinea",earthquake,6.05,1.81,0.066,22,reviewed,us,us
2025-01-21T10:57:25.604Z,-3.6476,151.5443,10,4.8,mb,39,85,0.82,0.65,us,us6000plei,2025-01-21T11:20:35.040Z,"91 km NW of Rabaul, Papua New Guinea",earthquake,6.68,1.916,0.107,28,reviewed,us,us
2025-01-21T07:25:46.587Z,-19.3997,169.3777,209.43,4.9,mb,54,113,3.671,0.79,us,us6000pldv,2025-01-21T07:43:33.040Z,"18 km NNE of Isangel, Vanuatu",earthquake,10.17,7.884,0.04,196,reviewed,us,us
2025-01-21T06:05:14.352Z,-27.4829,-13.4632,10,5.5,mb,71,68,13.518,0.73,us,us6000pldh,2025-01-22T06:07:54.400Z,"southern Mid-Atlantic Ridge",earthquake,11.26,1.87,0.064,85,reviewed,us,us
2025-01-21T05:47:51.148Z,13.4344,144.3969,137.242,5.5,mww,100,54,0.484,0.83,us,us6000pldf,2025-01-25T05:57:54.477Z,"29 km WNW of Agat Village, Guam",earthquake,8.76,4.951,0.065,23,reviewed,us,us
2025-01-21T05:36:11.541Z,-27.484,-13.3293,10,5.1,mb,74,68,27.023,0.45,us,us6000plde,2025-01-21T05:52:23.040Z,"southern Mid-Atlantic Ridge",earthquake,11.82,1.883,0.069,67,reviewed,us,us
2025-01-21T05:29:32.506Z,-27.1926,-13.3658,10,4.9,mb,41,67,27.972,0.59,us,us6000pldc,2025-01-21T05:46:06.040Z,"southern Mid-Atlantic Ridge",earthquake,13.5,1.894,0.089,40,reviewed,us,us
2025-01-21T05:13:36.168Z,-27.8015,-13.1545,10,5.2,mww,36,77,27.821,1.08,us,us6000pld9,2025-01-21T05:55:36.040Z,"southern Mid-Atlantic Ridge",earthquake,9.11,1.853,0.11,8,reviewed,us,us
2025-01-21T04:01:34.577Z,-28.2226,-13.5597,10,4.8,mb,23,100,28.209,1.46,us,us6000pld4,2025-01-21T05:40:45.040Z,"southern Mid-Atlantic Ridge",earthquake,11.8,1.885,0.124,20,reviewed,us,us
2025-01-21T02:10:42.030Z,18.4423,145.7779,189.666,4.8,mb,50,112,3.184,0.56,us,us6000plcp,2025-01-21T02:22:38.040Z,"Pagan region, Northern Mariana Islands",earthquake,9.46,8.249,0.087,41,reviewed,us,us
2025-01-21T00:14:23.782Z,28.3392,87.4183,54.778,4.8,mb,56,74,1.965,0.59,us,us6000plca,2025-01-24T17:56:45.750Z,"Southern Tibetan Plateau",earthquake,7.71,4.041,0.052,113,reviewed,us,us
2025-01-20T23:25:59.082Z,16.6479,145.5144,10.708,5,mb,49,138,1.424,0.81,us,us6000plc2,2025-01-24T23:36:05.473Z,"160 km N of Saipan, Northern Mariana Islands",earthquake,13.61,5.018,0.094,36,reviewed,us,us
2025-01-20T21:03:11.979Z,28.4231,87.5256,10,5,mb,90,73,2.079,0.59,us,us6000plbf,2025-01-24T13:57:38.742Z,"Southern Tibetan Plateau",earthquake,8.92,1.807,0.041,190,reviewed,us,us
2025-01-20T20:05:58.409Z,23.2231,120.4739,10,4.7,mb,38,135,0.163,0.93,us,us6000plb9,2025-01-20T22:08:16.040Z,"10 km N of Yujing, Taiwan",earthquake,6.34,1.887,0.099,31,reviewed,us,us
2025-01-20T19:19:19.855Z,43.8152,148.0132,61.949,4.6,mb,47,171,3.925,0.8,us,us6000plb2,2025-01-20T22:03:52.040Z,"103 km E of Shikotan, Russia",earthquake,10.72,8.776,0.076,51,reviewed,us,us
2025-01-20T18:14:38.752Z,38.9604,141.485,88.149,4.5,mb,40,97,1.855,0.93,us,us6000play,2025-01-20T21:50:12.040Z,"23 km WSW of Ōfunato, Japan",earthquake,4.54,7.213,0.082,44,reviewed,us,us
2025-01-20T17:42:30.618Z,23.0733,120.4836,10,4.8,mb,47,83,0.263,0.96,us,us6000pl9y,2025-01-20T18:24:44.040Z,"6 km SSE of Yujing, Taiwan",earthquake,6.22,1.869,0.086,42,reviewed,us,us
2025-01-20T16:26:24.685Z,23.1189,120.4299,10,5.1,mb,91,103,0.258,0.65,us,us6000pl8l,2025-01-20T21:48:01.246Z,"3 km WSW of Yujing, Taiwan",earthquake,5.57,1.81,0.064,81,reviewed,us,us
2025-01-20T16:17:26.031Z,23.2338,120.4749,10,6,mww,115,25,0.157,1.07,us,us6000pl8h,2025-01-25T03:07:10.987Z,"12 km N of Yujing, Taiwan",earthquake,5.34,1.845,0.044,50,reviewed,us,us
2025-01-20T14:49:38.361Z,-23.7642,-111.9268,10,5.3,mb,55,151,4.063,0.8,us,us6000pl89,2025-01-20T15:07:15.040Z,"Easter Island region",earthquake,13.2,1.807,0.034,292,reviewed,us,us
2025-01-20T11:20:37.163Z,7.4395,91.6679,10,5.3,mww,76,65,5.688,0.76,us,us6000pl7f,2025-01-20T11:48:23.631Z,"Nicobar Islands, India region",earthquake,7.91,1.814,0.093,11,reviewed,us,us
2025-01-20T10:43:02.069Z,13.9717,120.6437,136.164,5.4,mww,126,18,8.808,0.86,us,us6000pl78,2025-01-21T17:07:29.040Z,"0 km ENE of Binubusan, Philippines",earthquake,9.24,4.81,0.043,52,reviewed,us,us
2025-01-20T08:49:04.079Z,-11.711,165.2979,35,4.9,mb,37,65,4.15,0.54,us,us6000pl6v,2025-01-20T10:08:35.040Z,"121 km SSW of Lata, Solomon Islands",earthquake,6.88,1.881,0.106,29,reviewed,us,us
2025-01-20T08:38:43.517Z,-11.3327,165.8206,35,5.6,mww,55,36,4.305,0.97,us,us6000pl6q,2025-01-22T14:23:53.040Z,"67 km S of Lata, Solomon Islands",earthquake,10.05,1.852,0.062,25,reviewed,us,us
2025-01-20T05:57:17.075Z,10.3092,91.7575,10,5,mb,57,154,7.204,0.98,us,us6000pl6c,2025-01-20T06:18:20.040Z,"184 km SW of Port Blair, India",earthquake,10.38,1.898,0.083,46,reviewed,us,us
2025-01-19T21:21:43.194Z,-7.4015,129.4326,132.724,4.5,mb,18,134,2.898,0.96,us,us6000pl4s,2025-01-20T22:00:25.040Z,"295 km ENE of Lospalos, Timor Leste",earthquake,8.4,9.83,0.163,11,reviewed,us,us
2025-01-19T21:07:50.372Z,33.1712,102.6718,17.875,4.7,mb,75,50,2.904,0.53,us,us6000pl4q,2025-01-20T05:41:22.040Z,"57 km ESE of Cairima, China",earthquake,8.27,4.778,0.076,53,reviewed,us,us
2025-01-19T19:25:31.372Z,-31.3017,-68.1343,109.439,4.7,mb,91,49,0.529,1.02,us,us6000pl44,2025-01-19T20:21:08.956Z,"37 km ENE of San Martín, Argentina",earthquake,6.23,4.914,0.04,194,reviewed,us,us
2025-01-19T17:56:47.333Z,28.3953,87.602,24.746,4.5,mb,56,106,2.136,0.78,us,us6000pl3u,2025-01-23T04:53:48.282Z,"Southern Tibetan Plateau",earthquake,9.11,5.805,0.072,56,reviewed,us,us
2025-01-19T11:31:43.528Z,-35.8097,179.3005,82.576,4.5,mb,15,262,1.923,0.39,us,us6000pl33,2025-01-19T12:38:49.040Z,"217 km NNE of Hicks Bay, New Zealand",earthquake,13.71,13.81,0.171,10,reviewed,us,us
2025-01-19T11:20:29.059Z,0.0332,126.6776,56.565,4.6,mb,30,74,1.006,0.51,us,us6000pl2z,2025-01-19T13:32:46.040Z,"114 km SW of Ternate, Indonesia",earthquake,6.51,8.406,0.129,19,reviewed,us,us
2025-01-19T10:27:23.482Z,-5.5054,147.0737,196.531,4.9,mb,36,55,3.451,0.63,us,us6000pl2t,2025-01-19T10:43:44.040Z,"134 km N of Lae, Papua New Guinea",earthquake,8.56,8.395,0.114,24,reviewed,us,us
2025-01-19T09:58:44.832Z,-4.972,144.4619,122.88,4.5,mb,74,64,4.107,0.94,us,us6000pl2r,2025-01-19T12:00:30.040Z,"100 km NE of Wabag, Papua New Guinea",earthquake,7.13,8.035,0.068,63,reviewed,us,us
2025-01-19T06:28:33.559Z,7.5324,-74.7993,74.575,4.5,mb,42,101,1.517,0.73,us,us6000pl25,2025-01-19T08:03:40.040Z,"7 km S of El Bagre, Colombia",earthquake,4.16,7.967,0.086,40,reviewed,us,us
2025-01-19T02:20:26.759Z,30.0847,50.6287,10,4.7,mb,53,154,6.387,0.64,us,us6000pl0x,2025-01-19T20:55:45.152Z,"34 km SSW of Dogonbadan, Iran",earthquake,13.06,1.962,0.083,44,reviewed,us,us
2025-01-19T00:59:18.308Z,-33.9542,-179.3243,39.499,4.9,mb,19,112,4.083,0.49,us,us6000pl0k,2025-01-19T01:36:20.040Z,"south of the Kermadec Islands",earthquake,11.86,8.036,0.145,15,reviewed,us,us
2025-01-18T23:15:38.268Z,-58.5842,158.4779,10,5,mb,30,122,4.104,0.82,us,us6000pl09,2025-01-18T23:57:45.040Z,"Macquarie Island region",earthquake,13.62,1.882,0.118,23,reviewed,us,us
2025-01-18T23:11:53.655Z,51.9046,-169.5826,10,4.7,ml,33,187,0.888,1.3,us,us6000pl08,2025-01-19T04:22:56.833Z,"125 km SSW of Nikolski, Alaska",earthquake,6.32,1.955,0.081,20,reviewed,us,us
2025-01-18T20:01:47.597Z,24.4515,95.0812,126.375,4.5,mb,58,53,3.234,0.68,us,us6000pkzi,2025-01-19T15:06:26.040Z,"104 km E of Wāngjing, India",earthquake,9.24,7.587,0.084,42,reviewed,us,us
2025-01-18T19:44:17.981Z,24.9402,123.4562,10,5,mww,69,62,0.621,0.72,us,us6000pkzg,2025-01-18T20:13:58.040Z,"69 km NE of Yonakuni, Japan",earthquake,6.29,1.88,0.056,31,reviewed,us,us
2025-01-18T19:31:29.157Z,24.8753,123.4066,10,5,mww,65,42,0.543,1.32,us,us6000pkzc,2025-01-18T20:02:23.040Z,"61 km NE of Yonakuni, Japan",earthquake,6.15,1.875,0.054,33,reviewed,us,us
2025-01-18T18:55:03.783Z,24.9996,123.5159,10,4.7,mww,155,62,0.701,0.62,us,us6000pkza,2025-01-18T23:20:05.040Z,"78 km NE of Yonakuni, Japan",earthquake,5.27,1.612,0.063,24,reviewed,us,us
2025-01-18T18:38:53.621Z,-4.2116,142.9161,111.363,4.7,mb,118,50,2.779,0.54,us,us6000pkz1,2025-01-18T22:17:19.040Z,"10 km E of Ambunti, Papua New Guinea",earthquake,7.47,6.783,0.054,109,reviewed,us,us
2025-01-18T18:27:09.830Z,24.998,123.5449,10,4.5,mb,53,68,0.717,0.76,us,us6000pkz0,2025-01-18T21:51:44.040Z,"80 km NE of Yonakuni, Japan",earthquake,3.81,1.89,0.088,38,reviewed,us,us
2025-01-18T16:53:59.982Z,25.0558,123.4087,10,4.9,mww,138,61,1.736,0.71,us,us6000pkyr,2025-01-21T19:44:34.040Z,"77 km NNE of Yonakuni, Japan",earthquake,7.17,1.857,0.055,32,reviewed,us,us
2025-01-18T16:26:30.405Z,28.5413,87.5623,10,4.6,mb,74,98,2.147,0.58,us,us6000pkyi,2025-01-23T04:52:38.705Z,"Southern Tibetan Plateau",earthquake,6.91,1.838,0.054,107,reviewed,us,us
2025-01-18T16:09:04.742Z,24.9338,123.4799,10,4.8,mww,158,63,0.631,0.7,us,us6000pkyg,2025-01-18T23:17:12.040Z,"70 km NE of Yonakuni, Japan",earthquake,5.64,1.838,0.055,32,reviewed,us,us
2025-01-18T15:36:54.445Z,28.4625,87.6102,10,4.8,mb,132,39,2.162,0.51,us,us6000pky9,2025-01-23T04:51:31.007Z,"Southern Tibetan Plateau",earthquake,2.46,1.821,0.045,157,reviewed,us,us
2025-01-18T13:19:20.152Z,-8.1387,119.9713,175.485,4.5,mb,24,71,1.554,0.64,us,us6000pkxx,2025-01-18T14:24:38.040Z,"40 km NNE of Labuan Bajo, Indonesia",earthquake,8.11,8.863,0.157,12,reviewed,us,us
2025-01-18T13:02:16.425Z,25.0103,123.5577,10,4.6,mb,39,101,0.734,0.65,us,us6000pkxv,2025-01-18T14:21:11.040Z,"82 km NE of Yonakuni, Japan",earthquake,2.73,1.901,0.114,23,reviewed,us,us
2025-01-18T08:37:46.039Z,0.0901,126.7101,55.615,5.1,mb,48,71,0.943,0.83,us,us6000pkwy,2025-01-18T08:56:27.040Z,"107 km SW of Ternate, Indonesia",earthquake,3.08,7.717,0.081,49,reviewed,us,us
2025-01-18T06:04:38.910Z,-20.7501,-178.6016,602.25,4.7,mb,64,37,4.35,1.01,us,us6000pkwe,2025-01-18T06:23:01.040Z,"Fiji region",earthquake,11.52,6.987,0.034,262,reviewed,us,us
2025-01-18T05:04:22.466Z,3.8238,93.7469,10,4.9,mb,45,158,3.482,0.59,us,us6000pkw9,2025-01-18T05:19:25.040Z,"258 km SW of Banda Aceh, Indonesia",earthquake,4.97,1.916,0.104,29,reviewed,us,us
2025-01-18T04:43:19.394Z,51.7994,160.521,10,4.6,mb,23,229,1.678,0.51,us,us6000pkw5,2025-01-24T03:08:44.040Z,"190 km SE of Petropavlovsk-Kamchatsky, Russia",earthquake,14.31,1.983,0.141,16,reviewed,us,us
2025-01-18T04:41:51.836Z,-34.5369,-177.7881,10,5,mb,24,169,4.373,0.53,us,us6000pkw2,2025-01-18T04:57:03.040Z,"south of the Kermadec Islands",earthquake,12.39,1.998,0.129,20,reviewed,us,us
2025-01-18T03:16:16.718Z,-5.0999,153.3667,44.006,4.6,mb,23,170,1.501,1.21,us,us6000pkvv,2025-01-18T03:37:10.040Z,"147 km SE of Kokopo, Papua New Guinea",earthquake,10.79,11.691,0.128,18,reviewed,us,us
2025-01-18T02:19:01.314Z,-16.3613,-69.0448,233.097,4.6,mb,44,100,0.881,0.65,us,us6000pkvp,2025-01-18T02:44:38.040Z,"12 km SSE of Yunguyo, Peru",earthquake,9.02,5.968,0.093,34,reviewed,us,us
2025-01-18T01:55:26.479Z,8.1927,-39.6519,10,4.6,mb,34,124,13.262,0.66,us,us6000pkvm,2025-01-24T02:46:42.040Z,"central Mid-Atlantic Ridge",earthquake,9.17,1.914,0.095,33,reviewed,us,us
2025-01-18T00:33:52.390Z,-10.4343,161.5376,79.931,4.7,mb,29,77,1.853,0.64,us,us6000pkv1,2025-01-18T02:39:29.040Z,"41 km W of Kirakira, Solomon Islands",earthquake,11.44,7.966,0.08,48,reviewed,us,us
2025-01-17T19:19:32.446Z,-49.8962,118.119,10,4.8,mww,134,46,16.887,0.41,us,us6000pkt6,2025-01-21T19:49:43.040Z,"western Indian-Antarctic Ridge",earthquake,9.96,1.75,0.103,9,reviewed,us,us
2025-01-17T18:53:55.372Z,-8.57,149.0001,10.169,4.6,mb,36,145,1.998,0.79,us,us6000pkt1,2025-01-17T19:49:15.040Z,"87 km ENE of Popondetta, Papua New Guinea",earthquake,10.14,4.356,0.096,36,reviewed,us,us
2025-01-17T18:21:56.964Z,-6.983,154.9752,10,5,mww,91,48,3.94,0.74,us,us6000pksw,2025-01-17T18:54:14.040Z,"92 km SW of Panguna, Papua New Guinea",earthquake,8.48,1.777,0.098,10,reviewed,us,us
2025-01-17T18:15:18.990Z,-6.8201,154.8011,10,4.7,mb,83,43,3.703,0.7,us,us6000pkst,2025-01-17T20:22:31.040Z,"93 km SW of Panguna, Papua New Guinea",earthquake,8.57,1.866,0.065,77,reviewed,us,us
2025-01-17T17:34:33.554Z,-14.8263,167.4993,138.621,4.8,mb,39,121,0.68,0.64,us,us6000pkq9,2025-01-17T18:29:41.040Z,"51 km ENE of Port-Olry, Vanuatu",earthquake,12.35,5.952,0.095,36,reviewed,us,us
2025-01-17T17:18:39.379Z,9.2414,39.8888,10,4.5,mb,92,92,3.693,0.67,us,us6000pkpl,2025-01-17T18:05:01.040Z,"37 km N of Metahāra, Ethiopia",earthquake,10.82,1.885,0.059,84,reviewed,us,us
2025-01-17T12:35:46.466Z,33.0768,141.7682,30.698,4.7,mb,52,123,1.641,0.91,us,us6000pkm8,2025-01-17T14:55:23.040Z,"265 km SSE of Katsuura, Japan",earthquake,7.36,5.556,0.088,39,reviewed,us,us
2025-01-17T11:32:56.464Z,31.8147,132.1862,37.837,4.5,mb,44,94,1.509,0.52,us,us6000pkm3,2025-01-21T09:57:06.040Z,"73 km E of Miyazaki, Japan",earthquake,6.66,7.205,0.093,34,reviewed,us,us
2025-01-17T08:55:51.812Z,8.4245,125.9949,10,5,mb,44,113,1.408,1.05,us,us6000pkld,2025-01-17T14:42:48.792Z,"1 km ENE of Lapinigan, Philippines",earthquake,10.16,1.845,0.081,49,reviewed,us,us
2025-01-17T08:52:00.095Z,-39.0304,46.348,10,4.9,mb,20,83,8.432,0.63,us,us6000pkle,2025-01-17T09:24:51.040Z,"Southwest Indian Ridge",earthquake,12.49,1.874,0.141,16,reviewed,us,us
2025-01-17T07:43:54.397Z,-10.433,161.4368,82.806,4.9,mb,58,67,1.769,0.77,us,us6000pkl5,2025-01-17T08:14:06.040Z,"53 km W of Kirakira, Solomon Islands",earthquake,10.4,6.492,0.048,135,reviewed,us,us
2025-01-17T07:09:31.005Z,26.7519,128.9437,10,4.6,mb,36,104,0.606,0.7,us,us6000pkl2,2025-01-17T07:57:14.040Z,"74 km SSE of China, Japan",earthquake,4.26,1.794,0.109,25,reviewed,us,us
2025-01-17T05:02:56.906Z,29.4797,130.5151,35.333,4.6,mb,46,122,2.024,0.66,us,us6000pkke,2025-01-17T08:30:29.040Z,"83 km S of Koshima, Japan",earthquake,7.87,8.179,0.095,33,reviewed,us,us
2025-01-17T04:24:02.694Z,-10.762,164.2692,10,4.9,mb,38,145,4.454,1.02,us,us6000pkkb,2025-01-17T05:24:49.040Z,"167 km W of Lata, Solomon Islands",earthquake,4.59,1.904,0.081,48,reviewed,us,us
2025-01-17T01:46:17.623Z,9.403,40.0704,10,4.7,mb,39,138,6.641,0.63,us,us6000pkjx,2025-01-17T09:44:38.530Z,"47 km NNW of Āwash, Ethiopia",earthquake,13.93,1.956,0.093,35,reviewed,us,us
2025-01-17T01:35:57.330Z,6.9819,-35.738,10,4.9,mb,32,126,12.725,1.31,us,us6000pkjv,2025-01-17T02:46:40.603Z,"central Mid-Atlantic Ridge",earthquake,13.7,1.648,0.081,48,reviewed,us,us
2025-01-17T01:10:39.950Z,-6.9961,154.9462,10,5,mb,36,101,3.928,0.73,us,us6000pkjr,2025-01-24T01:25:14.040Z,"95 km SW of Panguna, Papua New Guinea",earthquake,14.02,1.894,0.098,33,reviewed,us,us
2025-01-17T01:10:20.894Z,-24.9547,-14.0354,10,5,mb,27,89,11.846,1.46,us,us6000pkla,2025-01-18T00:52:35.040Z,"southern Mid-Atlantic Ridge",earthquake,10.4,1.839,0.11,26,reviewed,us,us
2025-01-16T20:24:27.076Z,8.9445,40.153,10,4.7,mb,71,110,3.692,0.37,us,us6000pkih,2025-01-17T02:49:30.845Z,"4 km SSW of Āwash, Ethiopia",earthquake,11.23,1.894,0.07,61,reviewed,us,us
2025-01-16T19:20:53.293Z,29.6315,51.1162,10,4.7,mb,86,53,6.501,0.71,us,us6000pki5,2025-01-16T19:40:45.040Z,"41 km NNW of Borāzjān, Iran",earthquake,8.05,1.864,0.052,111,reviewed,us,us
2025-01-16T13:27:32.835Z,-20.859,169.2535,30.562,5.1,mb,44,88,2.422,1.06,us,us6000pkeg,2025-01-16T13:45:40.040Z,"145 km S of Isangel, Vanuatu",earthquake,7.74,5.567,0.055,105,reviewed,us,us
2025-01-16T13:17:36.882Z,-7.7719,117.5885,32.682,4.6,mb,24,109,1.065,0.87,us,us6000pked,2025-01-16T14:35:05.129Z,"71 km N of Pototano, Indonesia",earthquake,7.69,5.823,0.151,13,reviewed,us,us
2025-01-16T12:02:14.459Z,-24.3301,-176.3162,104.074,4.9,mb,29,146,5.103,0.9,us,us6000pke3,2025-01-16T12:25:26.040Z,"south of the Fiji Islands",earthquake,11.07,8.279,0.122,21,reviewed,us,us
2025-01-16T05:49:59.688Z,-5.6916,70.3156,10,4.8,mb,36,122,6.7,0.84,us,us6000pkck,2025-01-16T06:13:03.040Z,"Chagos Archipelago region",earthquake,13.85,1.932,0.105,28,reviewed,us,us
2025-01-16T03:20:02.734Z,28.7987,87.4344,10,4.9,mb,64,88,2.145,1.1,us,us6000pkc3,2025-01-16T05:46:12.578Z,"Southern Tibetan Plateau",earthquake,8.45,1.9,0.064,77,reviewed,us,us
2025-01-16T02:36:51.610Z,8.5579,40.2007,10,4.5,mb,27,265,3.939,0.68,us,us6000pkbw,2025-01-16T02:58:57.040Z,"45 km SW of Gelemso, Ethiopia",earthquake,7.72,2.006,0.128,18,reviewed,us,us
2025-01-16T01:07:27.025Z,-3.0609,102.7448,201.079,4.8,mb,47,136,1.308,0.83,us,us6000pkbn,2025-01-16T01:20:30.040Z,"28 km NNW of Lubuklinggau, Indonesia",earthquake,9.89,7.642,0.104,29,reviewed,us,us
2025-01-16T00:07:26.776Z,34.6318,139.9696,51.198,4.5,mb,36,136,1.518,0.74,us,us6000pkb1,2025-01-16T00:21:04.040Z,"40 km SSE of Tateyama, Japan",earthquake,4.61,8.296,0.113,23,reviewed,us,us
2025-01-15T22:38:22.504Z,41.589,142.0843,57.824,4.8,mwr,79,93,0.908,0.5,us,us6000pka6,2025-01-15T22:53:33.040Z,"79 km ENE of Mutsu, Japan",earthquake,5.46,6.576,0.073,18,reviewed,us,us
2025-01-15T21:37:01.783Z,-10.9571,165.9879,48.106,5.7,mww,83,37,4.617,0.7,us,us6000pk9u,2025-01-16T21:39:58.423Z,"33 km SE of Lata, Solomon Islands",earthquake,5.66,6.489,0.057,30,reviewed,us,us
2025-01-15T20:04:38.671Z,-22.5772,-179.1509,483.606,4.7,mb,25,87,5.478,0.71,us,us6000pk95,2025-01-15T20:25:56.040Z,"south of the Fiji Islands",earthquake,16.93,15.022,0.102,29,reviewed,us,us
2025-01-15T19:22:02.886Z,28.692,130.0366,35,4.9,mb,72,63,2.421,0.64,us,us6000pk8m,2025-01-15T20:19:56.040Z,"50 km ENE of Tatsugō, Japan",earthquake,3.08,1.911,0.058,92,reviewed,us,us
2025-01-15T18:03:22.875Z,11.6101,124.5859,10,5,mb,66,62,4.617,1.03,us,us6000pk85,2025-01-20T11:27:58.842Z,"4 km N of Caibiran, Philippines",earthquake,9.61,1.851,0.074,58,reviewed,us,us
2025-01-15T14:58:35.964Z,29.7753,92.1579,10,4.5,mb,58,60,0.899,0.31,us,us6000pk5z,2025-01-20T15:52:36.040Z,"103 km E of Lhasa, China",earthquake,6.29,1.878,0.073,56,reviewed,us,us
2025-01-15T14:12:37.464Z,45.3484,151.2159,10,4.9,mb,73,137,6.091,0.63,us,us6000pk5t,2025-01-15T15:16:04.040Z,"262 km E of Kuril’sk, Russia",earthquake,9.75,1.9,0.072,61,reviewed,us,us
2025-01-15T12:06:36.376Z,-55.7665,-29.42,10,5.1,mb,49,66,4.33,0.56,us,us6000pk50,2025-01-15T12:25:27.040Z,"South Sandwich Islands region",earthquake,11.31,1.898,0.08,51,reviewed,us,us
2025-01-15T07:32:21.504Z,-17.4025,168.1387,76.576,5,mww,54,41,4.805,0.63,us,us6000pk3x,2025-01-15T19:59:45.809Z,"41 km NNW of Port-Vila, Vanuatu",earthquake,8.01,7.416,0.11,8,reviewed,us,us
2025-01-15T04:20:48.770Z,-30.4172,-178.142,55.443,5.2,mb,48,69,1.167,1.17,us,us6000pk2k,2025-01-15T04:38:46.040Z,"Kermadec Islands, New Zealand",earthquake,9.91,7.162,0.079,54,reviewed,us,us
2025-01-15T03:18:36.286Z,-3.7266,146.7185,10,4.5,mb,21,100,1.793,0.66,us,us6000pk2e,2025-01-17T05:17:45.040Z,"194 km NNE of Madang, Papua New Guinea",earthquake,6.2,1.793,0.15,13,reviewed,us,us
2025-01-15T03:04:19.648Z,46.3391,152.505,40.035,4.6,mb,59,127,6.737,1.1,us,us6000pk2c,2025-01-15T03:28:10.040Z,"Kuril Islands",earthquake,9.51,7.351,0.086,40,reviewed,us,us
2025-01-15T02:08:41.039Z,-2.8196,141.4749,26.993,5,mb,48,56,0.828,0.96,us,us6000pk28,2025-01-15T02:36:37.040Z,"24 km SE of Vanimo, Papua New Guinea",earthquake,7.02,4.568,0.075,57,reviewed,us,us
2025-01-14T20:51:52.611Z,5.9501,126.7477,65.963,4.6,mb,75,108,1.608,0.82,us,us6000pk0k,2025-01-14T21:33:42.040Z,"77 km SE of Pondaguitan, Philippines",earthquake,9.34,5.918,0.075,54,reviewed,us,us
2025-01-14T19:40:23.053Z,-5.0354,149.7982,374.723,5.1,mb,91,43,2.502,1.01,us,us6000pjz0,2025-01-14T20:00:19.040Z,"68 km NNW of Kimbe, Papua New Guinea",earthquake,7.96,6.379,0.039,209,reviewed,us,us
2025-01-14T19:02:04.608Z,7.3058,-35.4804,10,5.7,mww,131,57,13.052,0.61,us,us6000pjym,2025-01-15T19:16:42.448Z,"central Mid-Atlantic Ridge",earthquake,10.46,1.863,0.093,11,reviewed,us,us
2025-01-14T17:12:38.510Z,31.6833,131.8022,30.176,5.5,mww,114,65,1.165,1.32,us,us6000pjxl,2025-01-22T07:33:35.870Z,"42 km ENE of Nichinan, Japan",earthquake,5.65,5.05,0.11,8,reviewed,us,us
2025-01-14T16:16:58.337Z,-8.8399,118.6339,11.772,4.9,mb,45,54,0.847,0.77,us,us6000pjxh,2025-01-16T18:41:05.466Z,"38 km SSE of Dompu, Indonesia",earthquake,4.73,3.688,0.11,31,reviewed,us,us
2025-01-14T14:55:56.802Z,8.8181,40.0164,10,4.9,mb,122,59,3.876,0.68,us,us6000pjx5,2025-01-16T16:57:15.040Z,"14 km SE of Metahāra, Ethiopia",earthquake,8.96,1.859,0.052,118,reviewed,us,us
2025-01-14T14:09:23.276Z,-4.4955,-105.0641,10,5.2,mww,152,81,14.638,0.73,us,us6000pjx0,2025-01-16T16:33:53.040Z,"central East Pacific Rise",earthquake,12.5,1.871,0.08,15,reviewed,us,us
2025-01-14T08:05:22.462Z,64.7192,-17.4149,10,5.2,mww,91,42,1.679,1.14,us,us6000pjw8,2025-01-14T08:23:01.040Z,"111 km S of Laugar, Iceland",earthquake,1.91,1.862,0.059,28,reviewed,us,us
2025-01-14T07:38:36.268Z,45.2827,150.8942,60.941,4.5,mb,40,144,5.897,0.59,us,us6000pjw5,2025-01-14T10:02:41.040Z,"236 km E of Kuril’sk, Russia",earthquake,12.05,8.086,0.099,30,reviewed,us,us
2025-01-14T04:12:22.056Z,-16.26,-175.4218,324.369,5,mb,63,44,4.221,0.72,us,us6000pjvf,2025-01-14T04:28:34.040Z,"177 km W of Hihifo, Tonga",earthquake,9.34,6.902,0.046,152,reviewed,us,us
2025-01-14T01:31:38.858Z,8.8774,39.9811,10,4.6,mb,32,176,3.861,0.69,us,us6000pjuu,2025-01-14T01:46:10.040Z,"7 km ESE of Metahāra, Ethiopia",earthquake,11.72,1.988,0.112,24,reviewed,us,us
2025-01-14T00:23:29.358Z,-20.3063,-69.1565,92.167,4.6,mb,44,147,0.635,0.5,us,us6000pjue,2025-01-24T02:41:40.782Z,"52 km E of La Tirana, Chile",earthquake,5.55,5.85,0.08,47,reviewed,us,us
2025-01-13T22:48:34.320Z,-6.3143,151.0534,10,4.6,mb,45,110,2.381,0.7,us,us6000pju2,2025-01-24T02:03:07.040Z,"131 km SE of Kimbe, Papua New Guinea",earthquake,9.05,1.89,0.095,33,reviewed,us,us
2025-01-13T22:23:31.469Z,-21.285,-67.8821,186.592,4.5,mb,24,114,1.364,0.6,us,us6000pjtr,2025-01-24T01:53:28.040Z,"39 km E of Ollagüe, Chile",earthquake,8.84,9.364,0.121,20,reviewed,us,us
2025-01-13T20:50:19.518Z,74.4639,-92.657,10,4.5,mb,45,37,0.641,0.8,us,us6000pjt7,2025-01-13T21:05:44.040Z,"Devon Island, Nunavut, Canada",earthquake,7.6,1.908,0.062,76,reviewed,us,us
2025-01-13T20:24:35.321Z,9.1378,40.1902,10,4.8,mb,74,59,3.533,0.63,us,us6000pjsw,2025-01-14T06:08:55.861Z,"17 km N of Āwash, Ethiopia",earthquake,9.68,1.89,0.069,65,reviewed,us,us
2025-01-13T19:24:59.650Z,28.1763,52.3133,10,4.7,mb,62,102,4.743,0.52,us,us6000pjsj,2025-01-14T07:47:45.313Z,"78 km SSW of Fīrūzābād, Iran",earthquake,8.82,1.876,0.063,77,reviewed,us,us
2025-01-13T17:52:09.166Z,-31.526,57.9935,10,5.1,mb,61,97,10.508,0.6,us,us6000pjqv,2025-01-13T20:32:43.478Z,"Southwest Indian Ridge",earthquake,11.05,1.857,0.08,50,reviewed,us,us
2025-01-13T16:35:21.647Z,-18.1807,-178.3072,496.617,4.5,mb,64,71,2.791,0.79,us,us6000pjqd,2025-01-23T18:03:45.040Z,"251 km E of Levuka, Fiji",earthquake,13.56,6.481,0.063,73,reviewed,us,us
2025-01-13T16:14:57.235Z,32.0641,131.6975,35,5.2,mb,101,95,1.196,1.37,us,us6000pjqa,2025-01-13T16:44:41.191Z,"20 km ESE of Takanabe, Japan",earthquake,6.36,1.875,0.05,134,reviewed,us,us
2025-01-13T15:44:42.604Z,28.4169,87.1257,10,4.6,mb,77,130,3.73,0.91,us,us6000pjq9,2025-01-14T14:33:50.026Z,"Southern Tibetan Plateau",earthquake,9.63,1.829,0.062,78,reviewed,us,us
2025-01-13T12:58:22.340Z,28.525,87.4439,10,5.1,mb,69,65,9.953,1.19,us,us6000pjpb,2025-01-16T05:42:35.021Z,"Southern Tibetan Plateau",earthquake,7.4,1.8,0.082,48,reviewed,us,us
2025-01-13T12:57:38.151Z,28.5007,87.4667,10,5.1,mb,80,67,9.922,0.85,us,us6000pjp9,2025-01-16T05:41:01.392Z,"Southern Tibetan Plateau",earthquake,9.43,1.791,0.061,86,reviewed,us,us
2025-01-13T12:54:35.705Z,-2.7892,139.5266,34.022,5.1,mb,58,27,1.206,1.73,us,us6000pjp8,2025-01-13T13:38:07.040Z,"124 km W of Abepura, Indonesia",earthquake,5.53,4.277,0.081,50,reviewed,us,us
2025-01-13T12:24:06.532Z,7.1002,-35.1595,10,5,mb,31,119,12.863,0.72,us,us6000pjp4,2025-01-13T13:05:04.040Z,"central Mid-Atlantic Ridge",earthquake,14.14,1.941,0.1,32,reviewed,us,us
2025-01-13T12:19:32.062Z,31.8062,131.5651,36,6.8,mww,139,26,0.994,1.19,us,us6000pjny,2025-01-15T03:16:46.745Z,"18 km SE of Miyazaki, Japan",earthquake,5.48,1.869,0.033,87,reviewed,us,us
2025-01-13T11:47:07.516Z,-7.598,127.6039,132.186,5,mb,65,35,3.817,1.03,us,us6000pjnw,2025-01-13T12:06:34.040Z,"122 km NNE of Lospalos, Timor Leste",earthquake,7.95,7.405,0.065,75,reviewed,us,us
2025-01-13T11:41:08.345Z,5.446,125.1913,20.152,5,mb,46,81,1.658,1,us,us6000pjnv,2025-01-13T12:23:08.196Z,"22 km SW of Balangonan, Philippines",earthquake,7.62,5.132,0.084,46,reviewed,us,us
2025-01-13T07:08:05.633Z,-6.2073,147.0196,82.174,5,mww,82,41,3.18,0.85,us,us6000pjn2,2025-01-13T11:33:02.702Z,"57 km N of Lae, Papua New Guinea",earthquake,7.59,7.071,0.103,9,reviewed,us,us
2025-01-13T06:22:14.917Z,8.9491,40.0047,10,4.7,mb,37,77,7.036,0.4,us,us6000pjnm,2025-01-14T08:35:36.040Z,"11 km ENE of Metahāra, Ethiopia",earthquake,5.76,1.892,0.104,28,reviewed,us,us
2025-01-13T03:10:20.014Z,-2.4135,138.9645,35,4.7,mb,42,66,1.671,1.07,us,us6000pjmh,2025-01-13T03:27:00.040Z,"186 km W of Abepura, Indonesia",earthquake,6.03,1.887,0.084,43,reviewed,us,us
2025-01-13T02:20:53.853Z,-2.2896,-79.8333,82.652,5.1,mb,70,144,0.601,0.82,us,us6000pjm2,2025-01-13T18:53:15.733Z,"11 km SSE of Guayaquil, Ecuador",earthquake,8.36,6.142,0.033,306,reviewed,us,us
2025-01-13T00:21:36.205Z,6.7286,123.92,553.623,4.8,mb,50,109,1.682,0.58,us,us6000plvw,2025-01-24T00:27:40.040Z,"13 km WNW of Taguisa, Philippines",earthquake,12.25,8.088,0.094,35,reviewed,us,us
2025-01-13T00:21:17.091Z,6.6356,123.9511,545.087,4.8,mb,62,87,1.673,0.52,us,us6000pjn1,2025-01-23T22:59:15.040Z,"11 km SW of Taguisa, Philippines",earthquake,12.26,6.52,0.125,20,reviewed,us,us
2025-01-13T00:19:47.789Z,6.6922,123.8707,544.738,5.4,mww,121,24,1.737,0.68,us,us6000pjlq,2025-01-24T00:15:19.609Z,"18 km W of Taguisa, Philippines",earthquake,9.61,5.756,0.083,14,reviewed,us,us
2025-01-12T22:21:10.383Z,28.273,142.147,10,5.2,mb,120,26,1.173,0.47,us,us6000pjlb,2025-01-23T23:36:30.040Z,"Bonin Islands, Japan region",earthquake,6.83,1.701,0.034,292,reviewed,us,us
2025-01-12T20:21:13.774Z,-10.9056,114.3714,10,4.5,mb,38,119,2.43,0.79,us,us6000pjl0,2025-01-12T20:50:03.040Z,"249 km SSW of Jimbaran, Indonesia",earthquake,8.85,1.883,0.105,27,reviewed,us,us
2025-01-12T19:49:15.562Z,8.8674,39.9715,10,4.9,mb,53,90,7.121,0.61,us,us6000pjkx,2025-01-12T20:04:29.040Z,"7 km ESE of Metahāra, Ethiopia",earthquake,10.85,1.918,0.079,50,reviewed,us,us
2025-01-12T17:58:33.551Z,28.1824,139.9003,416.318,4.5,mb,76,66,2.297,0.51,us,us6000pjkq,2025-01-12T18:15:44.040Z,"Bonin Islands, Japan region",earthquake,9.71,8.306,0.057,89,reviewed,us,us
2025-01-12T15:03:56.392Z,-17.8257,-178.4616,607.813,5.4,mww,31,93,2.468,0.68,us,us6000pjk4,2025-01-13T15:06:30.573Z,"236 km E of Levuka, Fiji",earthquake,13.88,9.85,0.139,5,reviewed,us,us
2025-01-12T11:55:44.507Z,9.2769,39.8305,10,4.5,mb,43,76,6.888,1.03,us,us6000pjjs,2025-01-12T13:19:37.327Z,"42 km NNW of Metahāra, Ethiopia",earthquake,11.6,1.917,0.096,32,reviewed,us,us
2025-01-12T10:46:29.568Z,18.3105,-103.5284,35,4.8,mb,41,198,2.551,0.76,us,us6000pjjf,2025-01-12T15:57:56.546Z,"25 km SSE of La Placita de Morelos, Mexico",earthquake,9.91,1.826,0.076,53,reviewed,us,us
2025-01-12T09:54:01.722Z,28.7136,87.4815,10,4.6,mb,51,132,10.065,0.71,us,us6000pjjb,2025-01-16T05:39:56.459Z,"Southern Tibetan Plateau",earthquake,9.05,1.895,0.072,57,reviewed,us,us
2025-01-12T09:18:25.926Z,18.5036,-103.3243,35,4.8,mb,98,172,2.286,1.11,us,us6000pjiy,2025-01-13T04:55:26.938Z,"21 km ESE of Aquila, Mexico",earthquake,9.08,1.943,0.041,183,reviewed,us,us
2025-01-12T09:15:50.805Z,-33.0432,-177.865,10,4.6,mb,16,214,3.77,0.94,us,us6000pjj4,2025-01-12T10:17:09.040Z,"south of the Kermadec Islands",earthquake,10.88,2.018,0.151,13,reviewed,us,us
2025-01-12T08:32:50.161Z,18.5249,-103.3158,34,6.2,mww,94,70,2.268,1.48,us,us6000pjig,2025-01-17T15:23:04.477Z,"21 km ESE of Aquila, Mexico",earthquake,8.63,1.785,0.032,96,reviewed,us,us
2025-01-12T08:05:26.884Z,-12.0231,166.7379,208.568,4.6,mb,40,122,3.433,0.89,us,us6000pjie,2025-01-12T09:13:57.040Z,"176 km SE of Lata, Solomon Islands",earthquake,12.9,7.585,0.084,42,reviewed,us,us
2025-01-12T07:21:47.213Z,8.9897,39.953,10,4.8,mb,51,90,7.035,0.75,us,us6000pji9,2025-01-12T07:38:53.040Z,"10 km NNE of Metahāra, Ethiopia",earthquake,10.8,1.899,0.088,40,reviewed,us,us
2025-01-12T05:53:19.671Z,-3.8935,134.7627,10,4.5,mb,28,98,2.689,0.76,us,us6000pji5,2025-01-12T13:47:01.040Z,"101 km SW of Nabire, Indonesia",earthquake,9.17,1.928,0.109,25,reviewed,us,us
2025-01-11T20:21:15.491Z,-32.5127,-177.7288,10,5.1,mb,31,136,3.245,1.44,us,us6000pjg3,2025-01-11T20:45:00.040Z,"south of the Kermadec Islands",earthquake,10.57,1.932,0.106,29,reviewed,us,us
2025-01-11T20:13:24.695Z,-16.1987,-173.2845,10.153,5,mb,57,71,2.7,1.13,us,us6000pjg2,2025-01-11T20:33:42.040Z,"61 km ESE of Hihifo, Tonga",earthquake,9.83,4.277,0.053,112,reviewed,us,us
2025-01-11T17:48:35.601Z,7.6074,126.8023,80.387,4.6,mb,111,59,1.326,1.05,us,us6000pjfn,2025-01-11T22:41:39.040Z,"26 km E of Baganga, Philippines",earthquake,8.76,6.961,0.058,98,reviewed,us,us
2025-01-11T15:19:44.301Z,8.9888,40.3597,10,5.2,mww,151,34,6.798,0.72,us,us6000pjfb,2025-01-11T18:21:41.058Z,"21 km E of Āwash, Ethiopia",earthquake,8.95,1.817,0.066,22,reviewed,us,us
2025-01-11T13:46:31.776Z,-8.9721,122.4221,101.48,4.6,mb,19,75,0.381,1.02,us,us6000pjf5,2025-01-11T15:50:05.040Z,"45 km SSE of Maumere, Indonesia",earthquake,6.7,5.511,0.136,16,reviewed,us,us
2025-01-11T12:02:32.198Z,-4.0249,123.3807,10,4.6,mb,38,74,3.025,0.36,us,us6000plmz,2025-01-23T09:45:35.040Z,"96 km E of Kendari, Indonesia",earthquake,7.51,1.891,0.109,25,reviewed,us,us
2025-01-11T07:51:49.295Z,13.6854,145.1311,97.906,5,mb,101,40,0.273,0.75,us,us6000pjed,2025-01-25T08:01:51.553Z,"31 km ENE of Yigo Village, Guam",earthquake,7.78,4.93,0.041,199,reviewed,us,us
2025-01-11T07:25:11.922Z,-8.8301,110.957,67.818,4.5,mb,41,115,1.842,0.74,us,us6000pje9,2025-01-11T09:36:06.040Z,"103 km SSE of Wonosari, Indonesia",earthquake,9.57,7.78,0.091,36,reviewed,us,us
2025-01-11T03:33:38.738Z,15.8211,-92.357,201.553,5,mb,94,126,0.504,0.96,us,us6000pjd4,2025-01-12T09:32:31.171Z,"8 km W of Pablo L. Sidar, Mexico",earthquake,8.66,5.531,0.044,162,reviewed,us,us
2025-01-11T02:52:45.676Z,-32.0027,138.7164,10,4.9,mb,29,46,2.388,0.9,us,us6000pjcz,2025-01-11T09:16:39.126Z,"74 km ENE of Quorn, Australia",earthquake,4.45,1.882,0.117,23,reviewed,us,us
2025-01-11T00:19:00.755Z,9.2627,40.1665,10,5.2,mb,55,57,3.468,0.83,us,us6000pjby,2025-01-11T15:37:55.405Z,"30 km N of Āwash, Ethiopia",earthquake,3.51,1.887,0.067,74,reviewed,us,us
2025-01-10T23:58:28.475Z,9.0078,40.1556,9.095,4.5,mb,43,202,3.646,0.82,us,us6000pjbk,2025-01-11T02:25:23.040Z,"2 km NNW of Āwash, Ethiopia",earthquake,15.99,7.013,0.089,37,reviewed,us,us
2025-01-10T23:42:57.297Z,9.0623,40.09,10,4.6,mb,20,116,3.657,1.09,us,us6000pjbe,2025-01-11T02:00:32.714Z,"12 km NW of Āwash, Ethiopia",earthquake,8.23,1.868,0.152,13,reviewed,us,us
2025-01-10T22:45:35.933Z,37.0518,74.7209,10,4.5,mb,50,182,3.339,1.21,us,us6000pjb8,2025-01-11T00:50:39.040Z,"81 km N of Barishal, Pakistan",earthquake,10.07,1.972,0.092,35,reviewed,us,us
2025-01-10T19:41:10.472Z,3.4594,125.7107,122.279,4.5,mb,63,74,2.183,0.8,us,us6000pj98,2025-01-10T22:41:11.040Z,"216 km S of Sarangani, Philippines",earthquake,5.78,5.08,0.07,60,reviewed,us,us
2025-01-10T17:48:50.774Z,41.2879,79.1268,30.635,4.5,mb,92,59,2.055,0.52,us,us6000pj8x,2025-01-10T21:36:50.040Z,"92 km WNW of Aykol, China",earthquake,6.42,4.857,0.066,73,reviewed,us,us
2025-01-10T15:55:21.230Z,-9.8079,154.9923,10,4.7,mb,20,114,4.9,0.66,us,us6000pj8j,2025-01-10T17:21:54.040Z,"277 km SW of Gizo, Solomon Islands",earthquake,10.26,1.929,0.123,20,reviewed,us,us
2025-01-10T14:31:33.877Z,-35.8785,-102.8521,10,4.9,mb,42,88,10.327,0.93,us,us6000pj66,2025-01-25T08:20:05.040Z,"southeast of Easter Island",earthquake,13.09,1.892,0.068,72,reviewed,us,us
2025-01-10T13:10:28.054Z,8.7918,39.9655,10,4.8,mb,54,79,1.275,0.59,us,us6000pj5v,2025-01-25T07:41:21.040Z,"13 km SSE of Metahāra, Ethiopia",earthquake,7.79,1.927,0.086,42,reviewed,us,us
2025-01-10T12:31:21.981Z,36.2079,111.146,10,4.5,mb,52,49,5.49,0.57,us,us6000pj5q,2025-01-13T11:45:11.040Z,"36 km WNW of Linfen, China",earthquake,8.29,1.907,0.1,32,reviewed,us,us
2025-01-10T11:24:22.813Z,-9.6706,66.7272,10,4.7,mb,41,74,21.031,0.6,us,us6000pj5g,2025-01-10T13:32:03.040Z,"Mid-Indian Ridge",earthquake,6.62,1.851,0.094,34,reviewed,us,us
2025-01-10T10:26:29.363Z,-7.4714,128.1508,156.208,4.6,mb,53,85,3.409,0.65,us,us6000pj54,2025-01-10T10:57:30.040Z,"172 km NE of Lospalos, Timor Leste",earthquake,8.4,7.949,0.081,46,reviewed,us,us
2025-01-10T09:57:51.203Z,8.8947,39.914,10,4.7,mb,66,82,3.898,0.61,us,us6000pj51,2025-01-10T10:47:42.040Z,"0 km SSW of Metahāra, Ethiopia",earthquake,10.01,1.915,0.075,54,reviewed,us,us
2025-01-10T08:14:31.688Z,5.9161,-77.4676,10,5.6,mww,81,91,1.947,0.7,us,us6000pj4s,2025-01-25T07:34:56.425Z,"31 km NW of Nuquí, Colombia",earthquake,2.63,1.841,0.052,36,reviewed,us,us
2025-01-10T05:49:44.491Z,8.4901,126.5803,63.071,4.8,mb,61,109,1.725,1.05,us,us6000pj4g,2025-01-23T12:40:32.856Z,"30 km ENE of Hinatuan, Philippines",earthquake,10.43,5.72,0.067,70,reviewed,us,us
2025-01-10T05:29:31.513Z,9.2797,39.9354,10,4.5,mb,55,115,1.298,0.97,us,us6000pj4c,2025-01-23T12:13:37.040Z,"41 km NW of Āwash, Ethiopia",earthquake,8.76,1.927,0.084,42,reviewed,us,us
2025-01-10T04:58:00.960Z,-52.7015,160.3822,10,4.6,mb,15,102,1.995,0.88,us,us6000pj49,2025-01-10T05:14:54.040Z,"Macquarie Island region",earthquake,7.43,1.912,0.165,11,reviewed,us,us
2025-01-10T02:16:38.380Z,-19.3369,-69.3217,110.402,4.5,mb,45,95,0.351,1.17,us,us6000pj3c,2025-01-10T17:22:20.630Z,"11 km ESE of Camiña, Chile",earthquake,6.71,6,0.093,34,reviewed,us,us
2025-01-10T02:02:34.494Z,9.034,40.1403,10,4.5,mb,14,190,1.449,0.56,us,us6000pll8,2025-01-23T02:39:30.040Z,"6 km NNW of Āwash, Ethiopia",earthquake,10.97,1.985,0.272,4,reviewed,us,us
2025-01-10T01:34:39.509Z,-19.7318,-175.1239,10,5.1,mb,62,69,6.615,0.79,us,us6000pj2q,2025-01-10T01:52:11.040Z,"81 km W of Pangai, Tonga",earthquake,12,1.851,0.056,103,reviewed,us,us
2025-01-09T20:52:30.598Z,-19.0178,-69.4499,103.652,4.7,mwr,38,99,0.681,0.96,us,us6000pj17,2025-01-09T21:53:32.515Z,"32 km N of Camiña, Chile",earthquake,3.58,4.223,0.068,21,reviewed,us,us
2025-01-09T19:11:11.772Z,5.7003,126.3875,156.803,4.5,mb,49,96,1.58,0.79,us,us6000pj06,2025-01-09T19:28:05.040Z,"76 km SSE of Pondaguitan, Philippines",earthquake,8.6,7.587,0.079,47,reviewed,us,us
2025-01-09T16:42:14.596Z,1.6583,127.3542,9.721,4.7,mb,66,72,0.881,0.84,us,us6000pixy,2025-01-09T17:10:13.040Z,"73 km W of Tobelo, Indonesia",earthquake,6.07,4.19,0.075,59,reviewed,us,us
2025-01-09T16:31:45.292Z,13.5917,-89.7442,94.454,5.8,mww,158,117,0.31,1.11,us,us6000pixh,2025-01-10T16:35:27.951Z,"9 km E of Acajutla, El Salvador",earthquake,6.07,5.671,0.034,85,reviewed,us,us
2025-01-09T10:52:34.448Z,-53.6228,139.6238,10,4.9,mb,25,141,11.385,0.92,us,us6000piv5,2025-01-09T12:00:13.040Z,"west of Macquarie Island",earthquake,12.71,1.954,0.119,22,reviewed,us,us
2025-01-09T04:38:40.264Z,9.2724,40.1191,10,4.5,mb,30,256,3.498,0.87,us,us6000pit5,2025-01-09T05:32:51.772Z,"32 km N of Āwash, Ethiopia",earthquake,8.75,2.007,0.118,21,reviewed,us,us
2025-01-09T02:43:57.204Z,-18.1625,167.8639,10,4.7,mb,24,173,2.773,0.9,us,us6000pisp,2025-01-09T05:03:12.543Z,"67 km SW of Port-Vila, Vanuatu",earthquake,9.5,1.908,0.127,19,reviewed,us,us
2025-01-08T22:17:09.747Z,9.2326,39.9052,10,4.6,mb,53,114,3.686,0.76,us,us6000pir9,2025-01-09T00:01:24.082Z,"36 km N of Metahāra, Ethiopia",earthquake,12.6,1.945,0.081,46,reviewed,us,us
2025-01-08T22:07:42.085Z,9.1968,40.1478,10,4.9,mb,66,65,3.525,0.67,us,us6000pir6,2025-01-08T22:53:24.908Z,"23 km N of Āwash, Ethiopia",earthquake,9.52,1.873,0.062,80,reviewed,us,us
2025-01-08T21:31:26.488Z,-59.8769,-61.4639,10,5.3,mww,112,71,5.061,0.64,us,us6000piqu,2025-01-08T21:50:55.040Z,"Drake Passage",earthquake,8.85,1.845,0.08,15,reviewed,us,us
2025-01-08T20:58:57.082Z,53.1177,-35.0754,10,4.6,mb,52,153,15.856,0.69,us,us6000piqq,2025-01-21T21:43:57.040Z,"Reykjanes Ridge",earthquake,11.54,1.94,0.08,48,reviewed,us,us
2025-01-08T20:56:14.729Z,8.8807,40.0795,10,4.6,mb,54,196,1.383,0.52,us,us6000piql,2025-01-22T15:40:22.040Z,"14 km SW of Āwash, Ethiopia",earthquake,9.23,1.969,0.083,43,reviewed,us,us
2025-01-08T20:30:19.542Z,-23.1684,-70.7958,23.388,4.6,mwr,78,143,0.409,0.9,us,us6000piqd,2025-01-21T21:37:24.040Z,"36 km WSW of Mejillones, Chile",earthquake,6.04,4.952,0.05,38,reviewed,us,us
2025-01-08T20:16:09.195Z,53.0538,-35.1387,10,4.5,mb,22,163,15.901,0.57,us,us6000pla6,2025-01-21T17:54:39.040Z,"Reykjanes Ridge",earthquake,15.5,1.934,0.163,11,reviewed,us,us
2025-01-08T20:00:07.488Z,-6.4839,-81.2579,10,4.5,mb,57,139,4.462,0.63,us,us6000piq7,2025-01-21T17:41:23.040Z,"113 km SSW of Sechura, Peru",earthquake,9.36,1.864,0.083,43,reviewed,us,us
2025-01-08T19:15:50.293Z,36.3401,139.7143,94.286,4.5,mb,36,126,1.23,0.64,us,us6000pla3,2025-01-21T17:25:58.040Z,"5 km SSW of Tochigi, Japan",earthquake,4.71,7.006,0.106,26,reviewed,us,us
2025-01-08T19:12:32.462Z,10.4626,125.2052,10,4.5,mb,54,108,3.391,0.65,us,us6000pipw,2025-01-21T17:17:12.040Z,"8 km SSE of Silago, Philippines",earthquake,11.79,1.893,0.086,40,reviewed,us,us
2025-01-08T14:40:30.255Z,30.0839,131.1746,23.896,4.7,mb,76,122,1.551,0.61,us,us6000pikx,2025-01-15T12:50:39.040Z,"60 km SE of Koseda, Japan",earthquake,7.09,5.419,0.068,66,reviewed,us,us
2025-01-08T14:16:01.276Z,53.2102,-34.9607,14.743,5,mb,124,153,10.728,0.4,us,us6000piks,2025-01-08T19:17:56.739Z,"Reykjanes Ridge",earthquake,12.05,5.416,0.049,133,reviewed,us,us
2025-01-08T12:45:59.040Z,54.8175,159.8573,130.62,4.7,mb,108,121,1.934,0.75,us,us6000pikk,2025-01-24T09:05:08.040Z,"80 km E of Mil’kovo, Russia",earthquake,13.78,7.987,0.054,104,reviewed,us,us
2025-01-08T12:01:22.798Z,-9.1397,158.0254,10,4.8,mb,42,102,1.92,0.49,us,us6000pikd,2025-01-24T08:35:47.040Z,"173 km SE of Gizo, Solomon Islands",earthquake,8.46,1.894,0.096,34,reviewed,us,us
2025-01-08T08:27:36.788Z,9.1102,40.2949,10,4.5,mb,20,145,3.477,0.78,us,us6000pijq,2025-01-15T06:31:40.040Z,"19 km NE of Āwash, Ethiopia",earthquake,7.41,1.96,0.171,10,reviewed,us,us
2025-01-08T07:44:22.997Z,34.7767,97.4386,10,5.7,mb,92,57,5.246,0.71,us,us6000pijd,2025-01-09T14:01:40.270Z,"Southern Qinghai, China",earthquake,8.52,1.849,0.04,223,reviewed,us,us
2025-01-08T07:23:53.932Z,-44.1352,-77.9106,10,4.7,mb,39,205,3.3,0.81,us,us6000pij7,2025-01-08T07:50:16.040Z,"Off the coast of Aisen, Chile",earthquake,11.18,1.97,0.126,19,reviewed,us,us
2025-01-08T03:51:21.813Z,28.4551,87.393,10,4.8,mb,72,73,9.935,0.87,us,us6000piij,2025-01-08T23:44:13.606Z,"Southern Tibetan Plateau",earthquake,10.42,1.871,0.074,56,reviewed,us,us
2025-01-08T01:30:04.511Z,39.8848,41.8817,10,4.5,mb,63,58,1.337,0.9,us,us6000pii1,2025-01-08T01:49:45.040Z,"20 km ESE of Pasinler, Turkey",earthquake,4.8,1.883,0.087,39,reviewed,us,us
2025-01-08T01:08:31.545Z,-6.3041,150.0767,10,4.5,mb,20,92,2.954,0.78,us,us6000pihy,2025-01-08T01:26:35.040Z,"59 km E of Kandrian, Papua New Guinea",earthquake,10.96,1.953,0.14,15,reviewed,us,us
2025-01-08T00:53:27.774Z,8.9711,40.068,10,5.3,mww,93,79,3.734,0.67,us,us6000pihw,2025-01-13T20:46:01.917Z,"10 km W of Āwash, Ethiopia",earthquake,11.7,1.877,0.098,10,reviewed,us,us
2025-01-08T00:49:47.682Z,9.2551,40.1883,10,4.7,mb,52,141,3.457,0.68,us,us6000pihu,2025-01-20T05:29:08.207Z,"30 km N of Āwash, Ethiopia",earthquake,11.4,1.863,0.087,40,reviewed,us,us
2025-01-07T23:12:19.873Z,-20.5754,-174.2972,35,4.6,mb,15,167,4.376,0.56,us,us6000pkrs,2025-01-20T05:16:24.040Z,"84 km S of Pangai, Tonga",earthquake,12.02,1.923,0.152,13,reviewed,us,us
2025-01-07T20:58:49.833Z,-37.3362,77.3833,10,4.6,mb,12,191,0.482,0.29,us,us6000pkrv,2025-01-20T22:07:39.040Z,"Mid-Indian Ridge",earthquake,8.02,1.968,0.206,7,reviewed,us,us
2025-01-07T20:12:57.328Z,-62.9139,144.595,10,4.6,mb,14,184,14.27,0.66,us,us6000pigm,2025-01-20T22:29:34.040Z,"south of Australia",earthquake,13.27,1.969,0.158,12,reviewed,us,us
2025-01-07T19:52:52.207Z,28.7108,87.3437,10,4.5,mb,78,129,3.452,0.98,us,us6000pigg,2025-01-20T21:43:27.040Z,"Southern Tibetan Plateau ",earthquake,9.88,1.85,0.067,66,reviewed,us,us
2025-01-07T17:52:21.471Z,-8.233,119.312,10,5,mb,62,74,1.63,0.84,us,us6000pifl,2025-01-20T20:20:41.617Z,"44 km NNW of Komodo, Indonesia",earthquake,5.6,1.56,0.082,47,reviewed,us,us
2025-01-07T17:23:48.611Z,24.2827,142.0996,534.482,5.3,mww,164,24,2.802,0.67,us,us6000pife,2025-01-20T17:43:44.040Z,"Volcano Islands, Japan region",earthquake,8.17,5.267,0.098,10,reviewed,us,us
2025-01-07T16:44:13.388Z,-37.5114,77.8848,14.62,4.9,mb,65,36,0.379,0.48,us,us6000pifs,2025-01-09T22:50:32.040Z,"Mid-Indian Ridge",earthquake,6.76,4.146,0.076,55,reviewed,us,us
2025-01-07T16:39:00.509Z,-37.6769,77.9453,16.2,5.2,mww,108,28,0.321,0.68,us,us6000pifb,2025-01-09T22:38:18.040Z,"Mid-Indian Ridge",earthquake,7.61,3.535,0.103,9,reviewed,us,us
2025-01-07T13:29:35.181Z,28.6384,87.2361,10,4.6,mb,122,49,3.564,0.47,us,us6000pif0,2025-01-07T22:49:43.215Z,"Southern Tibetan Plateau",earthquake,8.49,1.714,0.05,121,reviewed,us,us
2025-01-07T13:16:06.495Z,-6.9592,130.018,156.595,4.5,mb,64,86,2.423,0.57,us,us6000piez,2025-01-07T16:28:17.040Z,"Banda Sea",earthquake,8.33,7.274,0.073,61,reviewed,us,us
2025-01-07T10:19:49.553Z,27.424,128.8448,48.076,4.5,mb,39,95,0.777,0.61,us,us6000pidl,2025-01-08T09:48:29.040Z,"19 km ENE of Wadomari, Japan",earthquake,6.33,6.646,0.102,28,reviewed,us,us
2025-01-07T09:19:06.466Z,9.9768,126.1395,60.425,4.6,mb,49,104,2.941,0.63,us,us6000pidf,2025-01-08T06:34:47.441Z,"12 km ESE of Santa Monica, Philippines",earthquake,9.24,6.201,0.087,41,reviewed,us,us
2025-01-07T09:06:56.488Z,-19.4097,-172.9978,10,4.9,mb,47,74,2.92,0.62,us,us6000pidi,2025-01-07T12:42:10.040Z,"133 km SE of Neiafu, Tonga",earthquake,13.24,1.816,0.099,32,reviewed,us,us
2025-01-07T08:31:32.177Z,31.5871,138.3783,377.52,5.6,mww,110,58,1.949,0.71,us,us6000pida,2025-01-08T08:37:07.187Z,"Izu Islands, Japan region",earthquake,8.18,6.367,0.083,14,reviewed,us,us
2025-01-07T08:25:53.252Z,8.9783,39.8667,10,4.9,mb,61,93,3.877,0.74,us,us6000pidb,2025-01-07T16:06:47.299Z,"10 km NNW of Metahāra, Ethiopia",earthquake,9.98,1.9,0.075,56,reviewed,us,us
2025-01-07T05:57:17.030Z,28.971,87.5505,10,4.6,mb,59,87,3.207,0.97,us,us6000pick,2025-01-07T22:53:41.251Z,"Southern Tibetan Plateau",earthquake,10.63,1.875,0.072,58,reviewed,us,us
2025-01-07T05:33:57.710Z,-20.68,-67.8603,182.647,4.5,mb,41,67,1.564,1,us,us6000pich,2025-01-07T15:17:40.040Z,"72 km NE of Ollagüe, Chile",earthquake,7.83,9.508,0.128,18,reviewed,us,us
2025-01-07T04:15:30.187Z,-17.6376,-176.843,370.004,5,mb,146,77,3.532,0.6,us,us6000pic9,2025-01-24T04:05:52.040Z,"Fiji region",earthquake,11.15,5.696,0.052,121,reviewed,us,us
2025-01-07T03:45:54.911Z,28.6558,87.3207,10,4.5,mb,93,46,3.489,0.45,us,us6000pic2,2025-01-24T05:46:13.996Z,"Southern Tibetan Plateau",earthquake,9.54,1.859,0.057,91,reviewed,us,us
2025-01-07T03:37:29.253Z,-2.02,-77.3527,162.652,4.7,mb,67,82,0.852,0.91,us,us6000pibx,2025-01-07T04:09:26.040Z,"76 km ESE of Palora, Ecuador",earthquake,8.97,6.802,0.047,136,reviewed,us,us
2025-01-07T03:22:32.175Z,-11.4888,125.0082,12.548,4.6,mb,21,111,1.87,0.64,us,us6000pibt,2025-01-07T03:44:01.040Z,"196 km SSE of Soe, Indonesia",earthquake,8.18,2.07,0.129,18,reviewed,us,us
2025-01-07T02:47:22.298Z,41.2357,140.2446,159.853,5,mb,58,60,0.764,0.96,us,us6000pibm,2025-01-07T03:00:00.040Z,"21 km WNW of Imabetsu, Japan",earthquake,6.85,7.002,0.074,58,reviewed,us,us
2025-01-07T02:14:28.981Z,33.4491,87.0015,11.921,4.8,mb,40,117,11.484,1.06,us,us6000piba,2025-01-07T23:57:08.564Z,"Tibetan Plateau",earthquake,10.58,4.491,0.084,44,reviewed,us,us
2025-01-07T01:59:48.644Z,28.9228,87.682,10,4.6,mb,53,133,10.098,1.03,us,us6000pib7,2025-01-07T23:03:16.925Z,"Southern Tibetan Plateau",earthquake,12.56,1.907,0.074,55,reviewed,us,us
2025-01-07T01:43:49.886Z,28.4032,87.3545,10,4.9,mb,42,153,9.923,0.95,us,us6000piav,2025-01-07T23:03:56.596Z,"Southern Tibetan Plateau",earthquake,11.61,1.9,0.073,59,reviewed,us,us
2025-01-07T01:37:13.423Z,28.9647,87.4794,10,4.9,mb,60,85,10.249,1.28,us,us6000piar,2025-01-07T23:04:52.175Z,"Southern Tibetan Plateau",earthquake,11.24,1.874,0.07,65,reviewed,us,us
2025-01-07T01:32:00.076Z,28.8367,87.608,10,4.8,mb,35,98,10.078,0.86,us,us6000piap,2025-01-07T23:05:56.018Z,"Southern Tibetan Plateau",earthquake,7.43,1.847,0.097,33,reviewed,us,us
2025-01-07T01:24:26.998Z,28.5044,87.3944,10,5,mb,75,140,9.969,0.97,us,us6000piak,2025-01-07T23:06:48.894Z,"Southern Tibetan Plateau",earthquake,11.73,1.854,0.068,73,reviewed,us,us
2025-01-07T01:13:27.517Z,28.3196,87.4229,10,5.1,mb,25,149,9.822,0.82,us,us6000pia7,2025-01-08T08:32:14.765Z,"Southern Tibetan Plateau",earthquake,9.93,1.68,0.114,25,reviewed,us,us
2025-01-07T01:05:16.824Z,28.639,87.3608,10,7.1,mww,116,26,10.085,0.8,us,us6000pi9w,2025-01-09T17:05:21.636Z,"2025 Southern Tibetan Plateau Earthquake",earthquake,9.26,1.851,0.039,63,reviewed,us,us
2025-01-07T00:50:01.284Z,23.7798,125.84,10,4.5,mb,16,229,1.584,0.84,us,us6000pkpn,2025-01-20T04:26:04.040Z,"124 km SSE of Miyakojima, Japan",earthquake,7.39,2,0.222,6,reviewed,us,us
2025-01-06T23:22:57.817Z,9.2792,39.9715,10,4.5,mb,49,115,1.332,0.96,us,us6000pi9f,2025-01-20T03:24:00.826Z,"39 km NNW of Āwash, Ethiopia",earthquake,5.11,1.793,0.091,35,reviewed,us,us
2025-01-06T21:20:45.820Z,-17.9111,167.9443,35,5,mww,54,110,2.551,0.55,us,us6000pi8v,2025-01-20T02:53:24.173Z,"43 km WSW of Port-Vila, Vanuatu",earthquake,8.94,1.883,0.093,11,reviewed,us,us
2025-01-06T21:18:56.009Z,-9.7605,-79.6514,10,4.6,mb,40,134,3.537,0.35,us,us6000pi8s,2025-01-20T02:23:11.040Z,"138 km WSW of Chimbote, Peru",earthquake,6.34,1.886,0.111,24,reviewed,us,us
2025-01-06T19:28:39.667Z,28.1251,52.4035,10,4.9,mb,77,74,4.649,0.55,us,us6000pi8c,2025-01-24T20:03:39.040Z,"78 km NW of Mohr, Iran",earthquake,8.36,1.867,0.049,131,reviewed,us,us
2025-01-06T17:24:06.939Z,28.2017,52.2924,10,4.8,mb,64,74,4.773,0.63,us,us6000pi7n,2025-01-24T19:31:32.040Z,"76 km SSW of Fīrūzābād, Iran",earthquake,8.61,1.882,0.066,71,reviewed,us,us
2025-01-06T17:23:55.821Z,-53.7258,-133.6692,10,4.6,mb,22,131,29.614,0.34,us,us6000pknx,2025-01-18T16:45:06.040Z,"Pacific-Antarctic Ridge",earthquake,14.11,1.903,0.119,21,reviewed,us,us
2025-01-06T17:23:42.881Z,28.1788,52.2845,10,4.5,mb,29,75,4.763,0.32,us,us6000pknh,2025-01-17T18:02:39.040Z,"78 km SSW of Fīrūzābād, Iran",earthquake,6.11,1.875,0.136,18,reviewed,us,us
2025-01-06T16:59:50.015Z,28.1542,52.3819,10,5.2,mww,106,54,4.683,0.57,us,us6000pi7c,2025-01-19T21:19:46.435Z,"78 km SSW of Fīrūzābād, Iran",earthquake,6.66,1.692,0.073,18,reviewed,us,us
2025-01-06T16:44:39.772Z,35.8134,142.081,10,5.1,mww,95,56,3.216,0.7,us,us6000pi7a,2025-01-19T21:14:18.040Z,"113 km E of Hasaki, Japan",earthquake,7.65,1.824,0.059,28,reviewed,us,us
2025-01-06T15:26:46.849Z,33.4298,87.0306,10,5.2,mb,124,36,5.101,0.75,us,us6000pi67,2025-01-19T18:11:35.247Z,"Tibetan Plateau",earthquake,8.33,1.777,0.046,157,reviewed,us,us
2025-01-06T15:16:06.449Z,-23.3104,-179.6747,527.116,4.5,mb,45,123,5.932,1,us,us6000pi65,2025-01-19T17:54:56.040Z,"south of the Fiji Islands",earthquake,12.13,8.188,0.092,35,reviewed,us,us
2025-01-06T12:29:36.991Z,-7.3152,129.3321,164.958,4.8,mb,81,64,2.832,1.01,us,us6000pi5h,2025-01-06T13:18:01.040Z,"289 km ENE of Lospalos, Timor Leste",earthquake,7.82,1.675,0.073,58,reviewed,us,us
2025-01-06T09:47:57.448Z,37.3583,21.6124,10,4.9,mb,92,49,0.307,1.14,us,us6000pi50,2025-01-06T13:28:06.886Z,"13 km NNW of Kyparissía, Greece",earthquake,6.46,1.853,0.057,97,reviewed,us,us
2025-01-06T09:22:50.811Z,32.5692,132.0432,42.106,4.6,mb,37,94,1.715,0.9,us,us6000pi4x,2025-01-24T01:28:10.040Z,"35 km E of Nobeoka, Japan",earthquake,4.49,8.148,0.113,23,reviewed,us,us
2025-01-06T07:17:57.742Z,36.6926,68.0054,10,4.5,mb,51,125,2.118,0.84,us,us6000pi4k,2025-01-07T14:26:17.040Z,"27 km E of Khulm, Afghanistan",earthquake,6.42,1.86,0.091,35,reviewed,us,us
2025-01-06T03:59:11.180Z,33.3774,142.1406,10,4.6,mb,42,152,1.967,0.6,us,us6000pi3y,2025-01-06T09:07:51.040Z,"258 km SE of Katsuura, Japan",earthquake,6.83,1.591,0.095,33,reviewed,us,us
2025-01-06T02:43:23.551Z,23.7439,122.7387,11.232,4.5,mb,35,92,0.762,0.66,us,us6000pi3h,2025-01-06T02:57:15.040Z,"84 km SSW of Yonakuni, Japan",earthquake,4.17,5.383,0.124,19,reviewed,us,us
2025-01-06T01:39:45.523Z,33.4017,142.1674,10,4.5,mb,50,127,1.993,0.68,us,us6000pkmy,2025-01-24T00:38:16.040Z,"257 km SE of Katsuura, Japan",earthquake,8.9,1.888,0.094,33,reviewed,us,us
2025-01-06T01:33:19.915Z,9.2419,40.0597,10,4.5,mb,36,126,1.406,0.7,us,us6000pi3d,2025-01-24T00:04:41.040Z,"30 km NNW of Āwash, Ethiopia",earthquake,8.36,1.915,0.104,27,reviewed,us,us
2025-01-06T00:52:11.325Z,-10.7286,161.8651,95.567,5.2,mww,100,31,2.282,0.61,us,us6000pi39,2025-01-20T01:15:01.975Z,"30 km SSW of Kirakira, Solomon Islands",earthquake,10.01,4.537,0.093,11,reviewed,us,us
2025-01-06T00:03:08.487Z,-19.3588,-176.9185,10,4.6,mb,19,258,15.643,1.49,us,us6000pkmw,2025-01-20T00:44:46.040Z,"262 km NW of Houma, Tonga",earthquake,19.29,2.019,0.129,18,reviewed,us,us
2025-01-06T00:01:19.342Z,9.2389,40.0822,10,4.5,mb,44,116,1.427,0.73,us,us6000pi33,2025-01-20T00:31:49.776Z,"29 km NNW of Āwash, Ethiopia",earthquake,6.13,1.897,0.097,31,reviewed,us,us
2025-01-05T22:40:26.027Z,25.3565,142.8654,10,4.6,mb,29,157,1.837,0.7,us,us6000pkha,2025-01-20T00:16:19.040Z,"Volcano Islands, Japan region",earthquake,12.73,1.94,0.133,17,reviewed,us,us
2025-01-05T21:08:14.951Z,-19.5091,-173.0436,10,4.8,mb,25,80,2.975,0.65,us,us6000pi1x,2025-01-19T23:43:22.040Z,"136 km ENE of Fangale’ounga, Tonga",earthquake,11.58,1.894,0.113,24,reviewed,us,us
2025-01-05T21:03:54.083Z,-36.2849,177.4571,10,4.5,mb,23,215,1.445,0.78,us,us6000pkh3,2025-01-19T23:36:04.040Z,"163 km ENE of Pauanui, New Zealand",earthquake,7.45,1.965,0.172,10,reviewed,us,us
2025-01-05T21:00:22.613Z,-36.2447,177.5682,10,4.8,mb,24,95,1.442,0.77,us,us6000pkh4,2025-01-19T23:00:44.040Z,"163 km NNW of Hicks Bay, New Zealand",earthquake,8.17,1.611,0.176,10,reviewed,us,us
2025-01-05T18:46:13.309Z,-37.7329,179.727,10,4.6,mb,23,209,1.14,0.76,us,us6000pi1m,2025-01-24T18:37:17.040Z,"126 km E of Hicks Bay, New Zealand",earthquake,8.39,1.352,0.136,16,reviewed,us,us
2025-01-05T17:24:42.885Z,-3.7586,151.7531,10,5.3,mb,82,81,0.594,0.73,us,us6000pi0k,2025-01-24T18:12:36.040Z,"66 km NW of Rabaul, Papua New Guinea",earthquake,7.26,1.871,0.057,104,reviewed,us,us
2025-01-05T17:18:45.878Z,13.012,-89.1949,46,6.2,mww,132,79,0.741,1.26,us,us6000pi09,2025-01-24T18:05:56.644Z,"54 km SSE of La Libertad, El Salvador",earthquake,6.14,1.949,0.037,72,reviewed,us,us
2025-01-05T15:37:02.150Z,41.6186,81.8573,10,4.5,mb,32,114,2.449,0.71,us,us6000pi02,2025-01-05T16:25:57.040Z,"90 km W of Kuqa, China",earthquake,8.56,1.954,0.098,30,reviewed,us,us
2025-01-05T13:35:02.372Z,33.4721,142.0354,28.831,4.9,mb,54,138,1.894,0.65,us,us6000phzr,2025-01-05T14:38:19.040Z,"244 km SE of Katsuura, Japan",earthquake,7.52,5.556,0.08,49,reviewed,us,us
2025-01-05T12:31:27.511Z,-57.7627,-140.8384,10,4.5,mb,14,125,27.502,0.47,us,us6000pkhh,2025-01-23T09:43:52.040Z,"Pacific-Antarctic Ridge",earthquake,15.72,1.926,0.151,13,reviewed,us,us
2025-01-05T12:30:15.711Z,9.2306,39.9971,10,4.5,mb,52,205,1.343,0.92,us,us6000phzf,2025-01-23T09:34:16.046Z,"33 km NW of Āwash, Ethiopia",earthquake,9.31,1.981,0.084,42,reviewed,us,us
2025-01-05T12:22:22.982Z,8.7795,39.7366,10,4.5,mb,18,277,4.104,0.47,us,us6000pkgn,2025-01-23T09:29:19.040Z,"23 km SW of Metahāra, Ethiopia",earthquake,14.61,1.983,0.163,11,reviewed,us,us
2025-01-05T12:14:59.730Z,9.1928,39.9963,10,4.5,mb,35,115,1.334,0.81,us,us6000phzd,2025-01-23T09:19:51.866Z,"29 km NW of Āwash, Ethiopia",earthquake,7.61,1.9,0.115,22,reviewed,us,us
2025-01-05T09:16:42.355Z,6.4682,126.5325,132.697,5.1,mww,107,37,1.12,0.68,us,us6000phz2,2025-01-23T09:06:48.305Z,"40 km ENE of Pondaguitan, Philippines",earthquake,7.29,5.669,0.065,23,reviewed,us,us
2025-01-05T05:15:47.211Z,-20.9185,-178.6637,546.314,4.7,mb,42,101,4.425,0.9,us,us6000phy6,2025-01-18T13:58:27.040Z,"Fiji region",earthquake,13.28,10.378,0.097,32,reviewed,us,us
2025-01-05T05:02:13.203Z,-17.6434,168.1179,49.503,4.9,mb,24,167,2.353,0.59,us,us6000phy5,2025-01-18T13:40:35.640Z,"23 km WNW of Port-Vila, Vanuatu",earthquake,9.34,4.991,0.126,20,reviewed,us,us
2025-01-04T23:03:57.221Z,8.8597,40.0263,10,4.6,mb,36,232,3.841,0.88,us,us6000phwv,2025-01-04T23:56:18.040Z,"12 km ESE of Metahāra, Ethiopia",earthquake,14.89,1.993,0.104,28,reviewed,us,us
2025-01-04T22:53:59.028Z,8.9228,40.0287,10,4.5,mb,16,222,1.333,0.51,us,us6000pkfl,2025-01-17T06:10:37.040Z,"12 km ENE of Metahāra, Ethiopia",earthquake,9.37,2.01,0.204,7,reviewed,us,us
2025-01-04T22:40:07.401Z,-23.4403,171.4137,10,4.6,mb,25,197,3.746,1.48,us,us6000pkfj,2025-01-17T06:30:15.040Z,"southeast of the Loyalty Islands",earthquake,10.68,1.973,0.123,20,reviewed,us,us
2025-01-04T22:23:36.904Z,-16.1112,167.4963,35,5.3,mww,63,64,0.718,0.87,us,us6000phws,2025-01-05T00:31:35.663Z,"8 km E of Lakatoro, Vanuatu",earthquake,7.44,1.911,0.083,14,reviewed,us,us
2025-01-04T20:05:45.465Z,9.2646,40.1391,10,5,mb,104,38,3.488,0.62,us,us6000phw1,2025-01-04T23:32:27.341Z,"31 km N of Āwash, Ethiopia",earthquake,8.6,1.855,0.057,100,reviewed,us,us
2025-01-04T19:15:28.681Z,9.1682,40.1007,10,4.5,mb,22,168,1.43,0.94,us,us6000phvy,2025-01-24T23:03:56.040Z,"21 km NNW of Āwash, Ethiopia",earthquake,7.51,1.909,0.144,14,reviewed,us,us
2025-01-04T16:36:44.336Z,8.4481,40.0723,10,4.9,mww,112,59,4.105,0.7,us,us6000phvc,2025-01-04T20:24:41.559Z,"52 km SSE of Metahāra, Ethiopia",earthquake,10.26,1.901,0.098,10,reviewed,us,us
2025-01-04T15:29:13.729Z,9.2132,40.0746,10,4.6,mb,79,105,3.569,0.68,us,us6000phv2,2025-01-04T18:24:06.435Z,"27 km NNW of Āwash, Ethiopia",earthquake,10.59,1.904,0.065,70,reviewed,us,us
2025-01-04T14:51:49.837Z,-3.0587,29.2209,10,4.5,mb,36,128,2.873,0.59,us,us6000phuy,2025-01-24T21:46:34.218Z,"19 km W of Bubanza, Burundi",earthquake,10.51,1.889,0.102,28,reviewed,us,us
2025-01-04T14:24:36.264Z,13.2345,-89.261,74.061,4.5,mb,43,133,0.57,1.01,us,us6000phuu,2025-01-24T21:44:21.367Z,"28 km SSE of La Libertad, El Salvador",earthquake,6.42,7.11,0.057,89,reviewed,us,us
2025-01-04T10:59:02.992Z,45.4878,151.8361,10,4.6,mb,47,183,6.717,0.63,us,us6000phud,2025-01-18T13:01:51.040Z,"Kuril Islands",earthquake,11.5,1.949,0.085,42,reviewed,us,us
2025-01-04T10:27:18.962Z,-5.132,129.5773,228.17,4.5,mb,61,43,0.688,0.67,us,us6000phua,2025-01-18T12:36:55.040Z,"211 km SSE of Amahai, Indonesia",earthquake,9.56,5.726,0.075,52,reviewed,us,us
2025-01-04T09:40:31.801Z,8.9617,40.0986,10,4.6,mb,39,71,1.403,0.75,us,us6000phu8,2025-01-18T12:32:30.654Z,"7 km WSW of Āwash, Ethiopia",earthquake,8.24,1.929,0.104,28,reviewed,us,us
2025-01-04T08:17:20.197Z,4.5895,-76.4695,10,4.7,mb,82,110,1.846,0.76,us,us6000phtp,2025-01-23T09:00:00.528Z,"20 km ESE of Sipí, Colombia",earthquake,7.22,1.877,0.067,67,reviewed,us,us
2025-01-04T07:26:24.764Z,9.0796,40.0112,10,4.6,mb,41,188,1.328,0.48,us,us6000phtm,2025-01-23T08:48:51.040Z,"20 km WNW of Āwash, Ethiopia",earthquake,9.39,1.962,0.099,30,reviewed,us,us
2025-01-04T07:00:22.734Z,9.1219,40.012,10,4.7,mb,52,115,1.335,0.65,us,us6000phtf,2025-01-23T08:27:31.661Z,"22 km NW of Āwash, Ethiopia",earthquake,5.69,1.907,0.088,39,reviewed,us,us
2025-01-04T06:03:39.046Z,49.6256,-28.43,10,4.9,mww,84,91,14.209,0.59,us,us6000pht5,2025-01-23T08:16:21.040Z,"northern Mid-Atlantic Ridge",earthquake,11.53,1.894,0.073,18,reviewed,us,us
2025-01-04T03:12:23.612Z,9.2309,40.1037,10,4.5,mb,51,116,1.445,0.95,us,us6000phsb,2025-01-18T01:45:49.040Z,"28 km NNW of Āwash, Ethiopia",earthquake,4.54,1.721,0.09,37,reviewed,us,us
2025-01-04T00:52:21.123Z,9.4796,40.1535,8,5.7,mww,111,36,3.342,0.95,us,us6000phrk,2025-01-21T21:52:31.878Z,"54 km N of Āwash, Ethiopia",earthquake,9.53,1.854,0.056,31,reviewed,us,us
2025-01-03T22:55:26.034Z,-28.0075,63.4248,10,5,mww,87,49,8.215,0.96,us,us6000phr5,2025-01-03T23:14:50.040Z,"Southwest Indian Ridge",earthquake,9.26,1.834,0.11,8,reviewed,us,us
2025-01-03T17:59:52.917Z,2.385,128.1774,126.66,4.6,mb,136,34,1.796,0.9,us,us6000phpb,2025-01-03T19:40:04.040Z,"74 km NNE of Tobelo, Indonesia",earthquake,6.32,4.632,0.051,125,reviewed,us,us
2025-01-03T17:01:45.951Z,9.2986,40.4246,10,5.5,mww,130,59,3.255,0.5,us,us6000phnz,2025-01-08T22:14:26.809Z,"44 km NE of Āwash, Ethiopia",earthquake,8.92,1.874,0.08,15,reviewed,us,us
2025-01-03T15:56:43.743Z,-30.1282,-177.778,65.946,4.7,mb,25,188,0.872,1.07,us,us6000phm8,2025-01-24T20:34:23.040Z,"Kermadec Islands, New Zealand",earthquake,13.77,18.608,0.115,24,reviewed,us,us
2025-01-03T14:44:43.033Z,-4.8117,102.8052,63.724,4.8,mb,75,93,0.473,0.63,us,us6000phl7,2025-01-18T12:24:30.040Z,"99 km SSW of Pagar Alam, Indonesia",earthquake,7.99,5.989,0.061,83,reviewed,us,us
2025-01-03T14:27:18.299Z,9.1912,39.9489,10,5.2,mww,65,87,3.678,0.69,us,us6000phl5,2025-01-04T05:41:54.995Z,"32 km N of Metahāra, Ethiopia",earthquake,12.98,1.94,0.066,22,reviewed,us,us
2025-01-03T13:51:02.369Z,36.4644,31.8892,10,4.5,mb,78,55,1.619,0.76,us,us6000phj9,2025-01-18T11:29:52.987Z,"13 km SW of Alanya, Turkey",earthquake,4.91,1.858,0.081,45,reviewed,us,us
2025-01-03T09:55:57.846Z,-21.8046,-68.4378,134.422,4.6,mb,49,52,0.747,0.88,us,us6000phem,2025-01-06T08:01:30.040Z,"66 km SSW of Ollagüe, Chile",earthquake,6.63,8.673,0.091,45,reviewed,us,us
2025-01-03T04:45:19.893Z,-6.7836,154.5358,10,4.8,mb,47,92,3.494,1.04,us,us6000phdj,2025-01-18T01:09:16.040Z,"116 km WSW of Panguna, Papua New Guinea",earthquake,9.98,1.893,0.089,48,reviewed,us,us
2025-01-03T04:34:29.215Z,10.6061,-62.6166,90.825,4.5,mb,47,68,1.786,0.89,us,us6000phde,2025-01-17T03:02:28.729Z,"23 km E of Yaguaraparo, Venezuela",earthquake,7.86,9.002,0.096,32,reviewed,us,us
2025-01-03T04:33:02.991Z,33.4828,142.1515,10,4.8,mb,39,125,1.992,0.78,us,us6000phdg,2025-01-17T02:44:49.040Z,"250 km SE of Katsuura, Japan",earthquake,8.78,1.904,0.052,116,reviewed,us,us
2025-01-03T04:32:38.138Z,24.9577,95.5118,154.635,5,mb,84,63,3.775,0.69,us,us6000phdf,2025-01-17T02:35:09.710Z,"128 km SE of Phek, India",earthquake,7.39,6.46,0.069,68,reviewed,us,us
2025-01-03T04:24:10.169Z,33.436,142.2417,10,4.5,mb,46,130,2.059,1,us,us6000phdm,2025-01-17T02:24:17.040Z,"259 km SE of Katsuura, Japan",earthquake,8.55,1.88,0.094,33,reviewed,us,us
2025-01-03T04:20:43.243Z,33.443,142.1618,10,4.7,mb,65,125,1.994,0.83,us,us6000phdc,2025-01-17T01:38:23.040Z,"254 km SE of Katsuura, Japan",earthquake,7.6,1.868,0.068,68,reviewed,us,us
2025-01-03T02:52:35.031Z,9.3289,39.9821,10,4.5,mb,47,137,1.356,0.81,us,us6000phcx,2025-01-17T01:26:02.200Z,"43 km NNW of Āwash, Ethiopia",earthquake,8.15,1.93,0.09,36,reviewed,us,us
2025-01-03T02:33:18.611Z,-58.8052,-25.907,99,5.5,mww,135,38,7.395,0.71,us,us6000phce,2025-01-16T00:49:55.863Z,"South Sandwich Islands region",earthquake,10.37,4.874,0.086,13,reviewed,us,us
2025-01-03T02:10:35.909Z,9.0262,40.1345,10,4.5,mb,27,218,1.443,0.74,us,us6000phcd,2025-01-16T00:33:44.040Z,"5 km NW of Āwash, Ethiopia",earthquake,8.63,1.882,0.127,18,reviewed,us,us
2025-01-03T01:47:29.001Z,-3.6982,151.7136,10,5.4,mb,104,85,0.664,1.03,us,us6000phc9,2025-01-16T00:30:59.652Z,"74 km NW of Rabaul, Papua New Guinea",earthquake,6.84,1.824,0.055,114,reviewed,us,us
2025-01-03T01:34:22.471Z,9.0558,40.0835,10,4.6,mb,51,189,1.396,1.07,us,us6000phc7,2025-01-16T00:13:09.880Z,"12 km NW of Āwash, Ethiopia",earthquake,9.75,1.966,0.086,40,reviewed,us,us
2025-01-03T01:20:04.243Z,9.0629,40.043,10,4.5,mb,44,110,1.357,0.94,us,us6000phc5,2025-01-16T00:06:09.040Z,"16 km WNW of Āwash, Ethiopia",earthquake,5.71,1.898,0.093,35,reviewed,us,us
2025-01-03T00:55:08.462Z,-20.5219,-68.5427,130.153,4.5,mb,28,74,1.025,0.61,us,us6000phbz,2025-01-20T03:58:31.040Z,"83 km NNW of Ollagüe, Chile",earthquake,6.52,9.927,0.135,16,reviewed,us,us
2025-01-03T00:18:00.801Z,9.1966,40.0185,10,4.5,mb,35,183,1.356,0.62,us,us6000phbv,2025-01-20T03:49:00.040Z,"28 km NW of Āwash, Ethiopia",earthquake,10.94,1.955,0.104,27,reviewed,us,us
2025-01-02T22:22:48.591Z,9.1351,40.1162,10,4.7,mb,38,132,1.439,0.69,us,us6000phbi,2025-01-20T00:48:17.040Z,"17 km NNW of Āwash, Ethiopia",earthquake,8.13,1.823,0.077,51,reviewed,us,us
2025-01-02T21:18:26.862Z,9.4464,40.2771,10,4.9,mb,108,44,1.67,0.79,us,us6000phb3,2025-01-19T23:10:37.536Z,"52 km NNE of Āwash, Ethiopia",earthquake,9.28,1.839,0.055,103,reviewed,us,us
2025-01-02T21:13:30.892Z,-1.1012,127.4627,10,4.7,mb,45,83,1.863,0.84,us,us6000phaz,2025-01-19T23:01:58.040Z,"52 km S of Labuha, Indonesia",earthquake,6.86,1.9,0.082,47,reviewed,us,us
2025-01-02T20:43:35.152Z,-21.7335,-69.039,99,6.1,mww,106,45,0.199,0.9,us,us6000phap,2025-01-24T16:14:19.358Z,"80 km N of Calama, Chile",earthquake,4.91,1.895,0.035,79,reviewed,us,us
2025-01-02T19:34:37.096Z,30.6417,142.1035,10,4.5,mb,50,125,3.142,0.59,us,us6000phaa,2025-01-24T15:51:11.040Z,"Izu Islands, Japan region",earthquake,8.59,1.888,0.091,35,reviewed,us,us
2025-01-02T17:28:58.761Z,9.0379,40.1455,10,4.9,mb,90,97,1.455,0.43,us,us6000ph9m,2025-01-18T18:24:21.199Z,"6 km NNW of Āwash, Ethiopia",earthquake,4.92,1.868,0.062,80,reviewed,us,us
2025-01-02T17:15:43.020Z,11.832,143.4054,10,4.7,mb,47,118,2.256,0.87,us,us6000ph9k,2025-01-18T18:15:30.040Z,"209 km SW of Merizo Village, Guam",earthquake,10.12,1.902,0.077,51,reviewed,us,us
2025-01-02T16:26:07.171Z,9.1272,40.0993,10,4.6,mb,88,64,1.421,0.87,us,us6000ph8u,2025-01-24T20:24:01.852Z,"17 km NNW of Āwash, Ethiopia",earthquake,6.01,1.854,0.058,90,reviewed,us,us
2025-01-02T15:57:07.193Z,-3.9094,151.6398,19.054,5,mww,103,41,0.593,0.83,us,us6000ph9f,2025-01-24T20:14:53.040Z,"66 km WNW of Rabaul, Papua New Guinea",earthquake,6.54,1.302,0.086,13,reviewed,us,us
2025-01-02T15:30:59.804Z,9.1242,40.0443,10,4.5,mb,56,126,1.367,0.9,us,us6000ph6e,2025-01-24T18:36:16.040Z,"20 km NW of Āwash, Ethiopia",earthquake,8.43,1.865,0.075,54,reviewed,us,us
2025-01-02T10:17:40.327Z,8.8889,39.8628,10,4.5,mb,17,146,3.939,1.01,us,us6000ph2v,2025-01-02T12:26:30.040Z,"6 km WSW of Metahāra, Ethiopia",earthquake,10.35,1.969,0.171,10,reviewed,us,us
2025-01-02T10:02:56.299Z,9.3029,39.8596,10,4.5,mb,22,232,3.679,1.36,us,us6000ph2s,2025-01-02T10:21:07.040Z,"45 km N of Metahāra, Ethiopia",earthquake,15.38,1.996,0.145,14,reviewed,us,us
2025-01-02T08:43:31.665Z,38.5803,106.0896,10,4.8,mb,72,45,3.241,0.48,us,us6000ph1g,2025-01-23T07:45:46.556Z,"13 km SW of Nanliang Nongchang, China",earthquake,6.01,1.874,0.077,52,reviewed,us,us
2025-01-02T07:41:30.364Z,9.2824,40.1383,10,5.1,mww,96,91,1.491,0.46,us,us6000ph1c,2025-01-23T07:27:11.455Z,"33 km N of Āwash, Ethiopia",earthquake,7.08,1.865,0.093,11,reviewed,us,us
2025-01-02T07:06:39.333Z,-3.7199,151.7189,10,5.4,mww,78,110,0.645,0.69,us,us6000ph16,2025-01-23T07:19:54.392Z,"72 km NW of Rabaul, Papua New Guinea",earthquake,7.52,1.887,0.05,38,reviewed,us,us
2025-01-02T06:09:04.775Z,-24.3527,-66.9032,166.879,4.9,mb,104,94,1.82,0.71,us,us6000ph0l,2025-01-23T07:09:12.040Z,"61 km WSW of San Antonio de los Cobres, Argentina",earthquake,10.5,8.056,0.056,100,reviewed,us,us
2025-01-02T05:48:08.003Z,-3.8528,151.6836,7.888,4.6,mb,21,99,0.585,1.02,us,us6000pjzq,2025-01-19T12:49:33.040Z,"65 km NW of Rabaul, Papua New Guinea",earthquake,8.26,5.278,0.157,12,reviewed,us,us
2025-01-02T05:32:23.434Z,-0.2006,125.1945,56.271,5.1,mb,113,48,1.672,0.78,us,us6000ph0e,2025-01-19T12:16:24.040Z,"110 km SE of Modisi, Indonesia",earthquake,6.2,6.975,0.058,97,reviewed,us,us
2025-01-02T04:40:54.429Z,44.0318,80.9899,49.437,4.5,mb,72,119,1.299,0.78,us,us6000ph05,2025-01-02T23:40:55.040Z,"9 km ESE of Huocheng, China",earthquake,8.22,10.306,0.073,54,reviewed,us,us
2025-01-02T02:54:17.108Z,-62.5059,155.7283,10,5.5,mww,38,133,8.204,0.83,us,us6000pgzq,2025-01-03T02:58:01.807Z,"Balleny Islands region",earthquake,12.35,1.938,0.098,10,reviewed,us,us
2025-01-02T02:34:04.660Z,38.8455,-122.75633333333,1.42,4.65,mw,115,44,0.009316,0.08,nc,nc75111126,2025-01-24T02:44:11.650Z,"4 km NW of Cobb, CA",earthquake,0.09,0.15,,21,reviewed,nc,nc
2025-01-02T02:01:17.120Z,38.4597,106.2225,10,4.8,mb,28,70,3.211,0.73,us,us6000pgzd,2025-01-02T14:13:12.225Z,"4 km WSW of Yinchuan, China",earthquake,10.03,1.967,0.121,21,reviewed,us,us
2025-01-02T01:59:25.818Z,-36.0591,52.6219,10,4.6,mb,16,81,12.066,0.74,us,us6000pjz6,2025-01-25T00:57:50.040Z,"Southwest Indian Ridge",earthquake,10.96,1.902,0.146,14,reviewed,us,us
2025-01-02T01:46:35.774Z,8.9634,40.116,10,4.5,mb,29,260,3.705,0.76,us,us6000pgzb,2025-01-03T01:44:54.040Z,"5 km WSW of Āwash, Ethiopia",earthquake,15.75,2.009,0.121,20,reviewed,us,us
2025-01-02T01:23:10.177Z,9.3922,40.0553,10,4.5,mb,14,127,1.445,0.5,us,us6000pjzf,2025-01-25T01:35:27.313Z,"46 km NNW of Āwash, Ethiopia",earthquake,7.7,1.937,0.191,8,reviewed,us,us
2025-01-02T01:11:02.680Z,-21.0347,-173.7041,10,5.1,mb,24,271,17.573,0.96,us,us6000pgz5,2025-01-02T01:31:56.040Z,"134 km ENE of ‘Ohonua, Tonga",earthquake,9.32,2.017,0.104,30,reviewed,us,us
2025-01-01T22:55:44.430Z,-16.9313,167.2988,11.248,4.5,mb,23,168,1.479,0.88,us,us6000pjrv,2025-01-23T04:07:48.040Z,"92 km S of Lakatoro, Vanuatu",earthquake,9.75,5.959,0.127,18,reviewed,us,us
2025-01-01T21:27:41.595Z,-42.4343,-16.0574,10,5.2,mb,143,36,6.085,0.71,us,us6000pgy5,2025-01-23T03:47:59.040Z,"southern Mid-Atlantic Ridge",earthquake,9.79,1.763,0.052,121,reviewed,us,us
2025-01-01T18:39:33.655Z,11.7512,125.9629,10,4.6,mb,27,128,4.667,0.84,us,us6000pjry,2025-01-14T15:28:01.040Z,"55 km E of San Julian, Philippines",earthquake,5.17,1.912,0.132,17,reviewed,us,us
2025-01-01T18:34:32.410Z,-1.0913,127.3194,31.472,4.5,mb,40,90,4.275,0.77,us,us6000pgx5,2025-01-13T22:26:44.040Z,"54 km SSW of Labuha, Indonesia",earthquake,10.32,1.13,0.102,28,reviewed,us,us
2025-01-01T18:32:01.507Z,-13.2362,-74.8856,85.033,4.5,mb,57,122,2.278,0.64,us,us6000pjrn,2025-01-14T15:10:52.040Z,"16 km NE of Pilpichaca, Peru",earthquake,6.79,5.372,0.085,41,reviewed,us,us
2025-01-01T18:27:51.182Z,-36.1244,-100.6636,10,5.3,mww,147,48,11.615,0.58,us,us6000pgx1,2025-01-13T22:20:03.040Z,"southeast of Easter Island",earthquake,10.04,1.789,0.078,16,reviewed,us,us
2025-01-01T15:26:08.916Z,9.1873,40.1358,10,4.9,mb,47,65,3.54,0.91,us,us6000pgw3,2025-01-01T20:52:49.997Z,"22 km N of Āwash, Ethiopia",earthquake,9.64,1.862,0.065,74,reviewed,us,us
2025-01-01T15:08:16.511Z,8.3544,39.9675,10,4.6,mb,86,218,4.243,0.51,us,us6000pgw0,2025-01-01T18:55:32.040Z,"53 km E of Sīrē, Ethiopia",earthquake,12.76,1.972,0.065,73,reviewed,us,us
2025-01-01T15:08:00.601Z,8.834,39.9505,10,4.6,mb,39,199,1.257,0.63,us,us6000pjrj,2025-01-24T22:55:08.040Z,"8 km SSE of Metahāra, Ethiopia",earthquake,9.45,1.906,0.105,27,reviewed,us,us
2025-01-01T14:38:35.929Z,8.5782,39.8578,10,4.6,mb,89,100,4.155,0.75,us,us6000pgvu,2025-01-01T16:41:08.842Z,"36 km S of Metahāra, Ethiopia",earthquake,11.38,1.94,0.061,84,reviewed,us,us
2025-01-01T13:48:26.158Z,-56.4398,-26.7704,83.014,6.1,mww,165,28,5.948,0.63,us,us6000pgv4,2025-01-03T18:06:42.575Z,"South Sandwich Islands region",earthquake,8.36,3.775,0.066,22,reviewed,us,us
2025-01-01T12:48:35.826Z,-3.9248,151.5707,10,4.7,mb,37,52,0.648,0.74,us,us6000pjrm,2025-01-19T11:43:33.040Z,"72 km WNW of Rabaul, Papua New Guinea",earthquake,4.67,1.858,0.106,27,reviewed,us,us
2025-01-01T12:37:08.011Z,-3.7629,151.5692,10,4.9,mb,32,102,0.73,0.8,us,us6000pgus,2025-01-19T11:39:46.040Z,"81 km NW of Rabaul, Papua New Guinea",earthquake,7.13,1.899,0.112,25,reviewed,us,us
2025-01-01T12:26:22.490Z,-3.7219,151.6971,10,5.1,mww,29,152,0.659,0.83,us,us6000pgup,2025-01-19T11:34:48.040Z,"74 km NW of Rabaul, Papua New Guinea",earthquake,8.31,1.923,0.066,22,reviewed,us,us
2025-01-01T10:18:01.253Z,-56.16,-27.424,134.294,4.7,mb,43,78,18.505,0.82,us,us6000pgub,2025-01-19T11:07:19.040Z,"South Sandwich Islands region",earthquake,13.11,7.677,0.085,42,reviewed,us,us
2025-01-01T09:56:05.454Z,9.1468,40.0226,10,4.6,mb,67,116,1.35,0.75,us,us6000pgu4,2025-01-19T10:38:17.172Z,"24 km NW of Āwash, Ethiopia",earthquake,7.48,1.901,0.071,59,reviewed,us,us
2025-01-01T09:39:42.334Z,-3.8338,151.7147,10,5,mww,87,100,0.571,0.51,us,us6000pgu0,2025-01-19T10:29:14.040Z,"64 km NW of Rabaul, Papua New Guinea",earthquake,7.38,1.905,0.093,11,reviewed,us,us
2025-01-01T09:09:01.697Z,-32.4128,-69.7916,118.551,4.5,mb,36,87,0.73,0.52,us,us6000pgtu,2025-01-19T10:21:57.040Z,"88 km ENE of Los Andes, Chile",earthquake,6.62,2.961,0.132,17,reviewed,us,us
2025-01-01T08:09:47.730Z,9.0989,40.14,10,4.8,mb,52,196,3.596,0.66,us,us6000pgtj,2025-01-01T08:25:40.040Z,"13 km NNW of Āwash, Ethiopia",earthquake,13.53,1.97,0.089,39,reviewed,us,us
2025-01-01T07:54:20.007Z,45.5165,150.0109,94.48,4.6,mb,76,135,5.233,0.75,us,us6000pgtd,2025-01-01T09:43:57.040Z,"170 km E of Kuril’sk, Russia",earthquake,6.76,6.99,0.039,200,reviewed,us,us
2025-01-01T07:05:53.381Z,-3.7675,151.7624,10.568,4.9,mb,35,111,0.581,0.62,us,us6000pgt4,2025-01-01T07:24:15.040Z,"65 km NW of Rabaul, Papua New Guinea",earthquake,7.84,5.008,0.107,27,reviewed,us,us
2025-01-01T04:59:10.461Z,7.2929,-35.3651,10,4.5,mb,29,118,13.044,0.94,us,us6000pjr5,2025-01-24T06:00:47.040Z,"central Mid-Atlantic Ridge",earthquake,15.3,1.942,0.11,24,reviewed,us,us
2025-01-01T04:39:17.189Z,-20.8846,169.3326,10,5.6,mww,48,81,2.456,1.31,us,us6000pgsd,2025-01-03T23:54:50.701Z,"148 km S of Isangel, Vanuatu",earthquake,8.49,1.926,0.068,21,reviewed,us,us
2025-01-01T04:37:23.202Z,-17.6668,168.1998,62.726,4.8,mb,30,141,2.405,0.99,us,us6000pgse,2025-01-01T05:21:48.616Z,"14 km WNW of Port-Vila, Vanuatu",earthquake,9.84,8.658,0.116,23,reviewed,us,us
2025-01-01T04:28:16.938Z,-3.9182,151.5333,10,4.6,mb,39,88,0.609,0.87,us,us6000pjr4,2025-01-24T05:30:21.040Z,"76 km WNW of Rabaul, Papua New Guinea",earthquake,6.74,1.828,0.107,26,reviewed,us,us
2025-01-01T03:58:24.187Z,-20.074,67.2292,10,4.7,mb,40,75,3.645,0.5,us,us6000pgs4,2025-01-01T04:17:40.040Z,"Mid-Indian Ridge",earthquake,11.94,1.897,0.1,30,reviewed,us,us
2025-01-01T03:56:39.615Z,-23.0774,-66.6573,205.635,4.9,mww,78,43,1.407,1.13,us,us6000pgs2,2025-01-01T04:12:31.040Z,"101 km W of El Aguilar, Argentina",earthquake,7.99,6.694,0.057,30,reviewed,us,us
2025-01-01T03:27:56.626Z,9.1643,40.0204,10,4.5,mb,48,111,3.641,0.6,us,us6000pgs0,2025-01-01T03:46:53.040Z,"25 km NW of Āwash, Ethiopia",earthquake,11.23,1.933,0.088,38,reviewed,us,us
2025-01-01T02:00:06.918Z,-3.8521,151.6207,10,4.5,mb,36,98,0.591,0.98,us,us6000pjr1,2025-01-18T23:49:48.040Z,"71 km WNW of Rabaul, Papua New Guinea",earthquake,7.8,1.901,0.116,22,reviewed,us,us
2025-01-01T01:46:59.538Z,-3.8682,151.6536,10,4.7,mb,39,99,0.557,0.86,us,us6000pjqz,2025-01-18T23:07:19.040Z,"67 km WNW of Rabaul, Papua New Guinea",earthquake,6.86,1.901,0.108,26,reviewed,us,us
2024-12-31T23:13:20.048Z,-20.1826,-70.6231,35,5,mwr,37,129,0.47,0.83,us,us6000pgri,2025-01-22T05:39:23.037Z,"49 km W of Puerto, Chile",earthquake,3.29,1.918,0.061,26,reviewed,us,us
2024-12-31T22:32:07.037Z,8.0783,127.2132,35,4.6,mb,49,116,1.905,0.64,us,us6000pgr8,2025-01-22T05:31:54.040Z,"84 km ENE of Kinablangan, Philippines",earthquake,8.02,1.928,0.091,36,reviewed,us,us
2024-12-31T20:09:41.043Z,-6.6675,150.5771,10,5.1,mb,61,46,2.753,0.74,us,us6000pgqb,2025-01-13T17:04:41.040Z,"124 km ESE of Kandrian, Papua New Guinea",earthquake,9.93,1.34,0.07,66,reviewed,us,us
2024-12-31T19:46:28.183Z,-5.1354,152.1814,60.51,4.6,mb,64,35,0.838,0.58,us,us6000pgq4,2025-01-13T17:13:30.040Z,"88 km S of Kokopo, Papua New Guinea",earthquake,9.16,5.561,0.084,42,reviewed,us,us
2024-12-31T19:18:38.511Z,9.093,40.125,10,4.8,mb,88,38,3.611,0.77,us,us6000pgpw,2025-01-13T17:42:03.905Z,"12 km NNW of Āwash, Ethiopia",earthquake,8.64,1.844,0.055,102,reviewed,us,us
2024-12-31T17:09:39.374Z,-4.05,151.6351,14.523,5,mb,59,78,0.45,0.97,us,us6000pgpd,2025-01-13T18:14:44.040Z,"60 km WNW of Rabaul, Papua New Guinea",earthquake,3.77,3.912,0.077,53,reviewed,us,us
2024-12-31T11:53:47.561Z,-19.6821,-69.3835,101.481,4.5,mb,40,112,0.179,0.63,us,us6000pgn9,2025-01-23T07:23:21.040Z,"41 km S of Camiña, Chile",earthquake,6.81,4.586,0.091,35,reviewed,us,us
2024-12-31T08:59:24.579Z,11.4863,-73.4098,34.096,4.5,mb,48,38,0.861,1.33,us,us6000pgmd,2025-01-23T07:08:33.040Z,"26 km NNW of Dibulla, Colombia",earthquake,3.66,5.984,0.121,21,reviewed,us,us
2024-12-31T07:57:36.188Z,-17.6844,168.2262,57.737,4.6,mb,32,184,2.431,0.96,us,us6000pgm5,2025-01-23T11:32:54.580Z,"10 km WNW of Port-Vila, Vanuatu",earthquake,9.87,12.137,0.114,23,reviewed,us,us
2024-12-31T05:44:31.945Z,9.1637,39.8541,10,4.5,mb,33,92,1.19,0.45,us,us6000pgll,2025-01-22T10:46:08.673Z,"29 km NNW of Metahāra, Ethiopia",earthquake,6.67,1.939,0.118,21,reviewed,us,us
2024-12-31T02:57:23.436Z,-15.6325,-75.4052,10,4.5,mb,39,73,3.883,0.94,us,us6000pgl3,2025-01-23T00:21:04.415Z,"39 km SW of San Juan, Peru",earthquake,9.8,1.877,0.083,42,reviewed,us,us
2024-12-31T01:38:40.936Z,9.2066,40.028,6.387,4.5,mb,70,131,1.367,0.46,us,us6000pgku,2025-01-22T05:35:00.254Z,"29 km NNW of Āwash, Ethiopia",earthquake,9.48,6.022,0.07,59,reviewed,us,us
2024-12-30T23:56:29.977Z,-5.7603,148.9729,127.013,4.6,mb,47,109,3.367,0.44,us,us6000pgkh,2025-01-22T05:30:19.040Z,"80 km NW of Kandrian, Papua New Guinea",earthquake,9.68,7.431,0.089,38,reviewed,us,us
2024-12-30T23:40:33.868Z,-17.6089,-178.3937,573.817,4.6,mb,69,110,2.417,0.6,us,us6000pgkd,2025-01-22T05:28:03.040Z,"247 km ENE of Levuka, Fiji",earthquake,14.54,8.251,0.087,39,reviewed,us,us
2024-12-30T23:30:59.974Z,9.1189,39.9276,10,4.7,mb,66,185,1.253,0.59,us,us6000pgkb,2025-01-22T04:52:07.845Z,"24 km N of Metahāra, Ethiopia",earthquake,10,1.969,0.075,53,reviewed,us,us
2024-12-30T22:13:14.319Z,9.1889,40.0589,10,4.8,mb,52,58,1.393,0.79,us,us6000pgjz,2025-01-22T04:50:43.688Z,"25 km NNW of Āwash, Ethiopia",earthquake,7.87,1.911,0.074,57,reviewed,us,us
2024-12-30T20:33:11.322Z,9.2103,40.0504,10,4.6,mb,128,65,1.39,0.47,us,us6000pgjf,2025-01-11T17:33:11.040Z,"28 km NNW of Āwash, Ethiopia",earthquake,7.45,1.847,0.051,113,reviewed,us,us
2024-12-30T20:27:35.490Z,9.1221,40.098,10,4.7,mb,76,57,1.419,0.42,us,us6000pgj9,2025-01-11T17:25:25.914Z,"17 km NNW of Āwash, Ethiopia",earthquake,8.21,1.88,0.067,67,reviewed,us,us
2024-12-30T18:50:53.317Z,-15.6525,-172.8096,88.329,4.5,mb,30,123,1.998,1.08,us,us6000pgir,2025-01-11T16:38:27.040Z,"110 km ENE of Hihifo, Tonga",earthquake,8.92,8.136,0.106,26,reviewed,us,us
2024-12-30T15:27:54.586Z,12.2325,141.5112,68.889,4.8,mb,81,46,3.54,0.75,us,us6000pghx,2025-01-13T18:21:35.040Z,"293 km NNE of Fais, Micronesia",earthquake,9.54,6.852,0.065,74,reviewed,us,us
2024-12-30T15:25:58.372Z,-24.166,-69.565,92.136,4.5,mb,34,100,0.992,1.02,us,us6000pghw,2025-01-13T18:24:33.040Z,"101 km SE of Antofagasta, Chile",earthquake,4.79,7.244,0.136,16,reviewed,us,us
2024-12-30T14:26:55.004Z,8.9504,40.03,10,4.5,mb,60,121,1.335,0.61,us,us6000pghr,2025-01-12T21:54:04.696Z,"13 km ENE of Metahāra, Ethiopia",earthquake,5.8,1.865,0.079,47,reviewed,us,us
2024-12-30T14:12:33.835Z,-17.7022,-178.1873,557.681,4.6,mb,56,132,2.635,0.98,us,us6000pghq,2025-01-12T21:31:13.040Z,"267 km E of Levuka, Fiji",earthquake,14.25,7.843,0.076,51,reviewed,us,us
2024-12-30T12:20:02.559Z,8.6362,40.0266,10,4.5,mb,36,207,1.356,0.77,us,us6000pghc,2025-01-22T09:59:15.040Z,"31 km SSE of Metahāra, Ethiopia",earthquake,10.13,1.984,0.107,26,reviewed,us,us
2024-12-30T10:42:28.345Z,-20.0498,-173.181,10,4.5,mb,19,107,3.217,0.67,us,us6000pj7b,2025-01-23T11:04:58.040Z,"123 km ESE of Fangale’ounga, Tonga",earthquake,9.3,1.945,0.18,12,reviewed,us,us
2024-12-30T10:39:05.746Z,-26.8515,179.2828,507.609,4.9,mb,85,75,3.429,0.74,us,us6000pgh3,2025-01-22T08:56:00.040Z,"south of the Fiji Islands",earthquake,11.23,6.038,0.051,119,reviewed,us,us
2024-12-30T09:58:46.244Z,-29.3545,-71.2354,48.507,4.6,mwr,60,134,0.562,1.2,us,us6000pggx,2025-01-22T08:09:53.040Z,"60 km N of La Serena, Chile",earthquake,5.38,5.43,0.054,33,reviewed,us,us
2024-12-30T08:38:26.690Z,-1.1076,67.4517,10,4.8,mb,87,116,5.766,0.39,us,us6000pggd,2025-01-23T14:59:06.596Z,"Carlsberg Ridge",earthquake,9.73,1.886,0.065,73,reviewed,us,us
2024-12-30T08:12:33.557Z,-21.9234,-173.8165,10,4.8,mb,63,116,4.616,0.72,us,us6000pgg7,2025-01-23T07:57:48.040Z,"134 km ESE of ‘Ohonua, Tonga",earthquake,10.42,1.863,0.073,58,reviewed,us,us
2024-12-30T07:42:21.022Z,8.8054,40.1385,10,4.5,mb,24,108,1.444,0.26,us,us6000pgg2,2025-01-23T10:41:06.040Z,"19 km S of Āwash, Ethiopia",earthquake,7.34,1.49,0.15,13,reviewed,us,us
2024-12-30T06:51:30.845Z,9.0206,40.0634,10,4.6,mb,75,76,1.373,0.32,us,us6000pgfs,2025-01-23T10:02:37.040Z,"12 km WNW of Āwash, Ethiopia",earthquake,7.28,1.889,0.07,62,reviewed,us,us
2024-12-30T05:49:02.808Z,-17.6555,168.2183,66.612,5.1,mww,121,99,2.402,0.47,us,us6000pgf9,2025-01-24T15:51:31.451Z,"13 km NW of Port-Vila, Vanuatu",earthquake,8.57,6.575,0.065,23,reviewed,us,us
2024-12-30T05:48:12.371Z,9.0039,40.0649,10,4.5,mb,42,98,1.373,0.31,us,us6000pgfd,2025-01-23T09:46:05.040Z,"11 km WNW of Āwash, Ethiopia",earthquake,6.74,1.924,0.096,32,reviewed,us,us
2024-12-30T05:41:06.678Z,-29.9272,-71.9959,10,5.5,mww,127,76,0.658,0.51,us,us6000pgf5,2025-01-24T16:26:54.681Z,"63 km W of Coquimbo, Chile",earthquake,3.75,1.829,0.058,29,reviewed,us,us
2024-12-30T05:40:49.261Z,-29.9195,-72.0562,10,5.5,mb,178,74,0.71,0.54,us,us6000pget,2025-01-24T17:14:37.600Z,"69 km W of Coquimbo, Chile",earthquake,4.63,1.838,0.025,546,reviewed,us,us
2024-12-30T02:56:16.869Z,18.4586,120.8764,34,5.5,mww,246,32,4.341,0.62,us,us6000pge2,2025-01-22T04:18:49.686Z,"14 km SE of Bangui, Philippines",earthquake,8.74,1.773,0.054,33,reviewed,us,us
2024-12-30T01:55:42.509Z,-32.9697,-178.6759,10,4.5,mb,20,168,3.752,0.44,us,us6000pj6e,2025-01-22T01:54:40.040Z,"south of the Kermadec Islands",earthquake,9.9,1.926,0.145,14,reviewed,us,us
2024-12-30T00:28:54.834Z,8.9976,40.1262,10,4.5,mb,30,92,1.433,0.47,us,us6000pgep,2025-01-22T04:16:03.040Z,"4 km WNW of Āwash, Ethiopia",earthquake,7.5,1.928,0.125,19,reviewed,us,us
2024-12-29T23:52:35.986Z,16.1604,-98.727,10,4.5,mb,91,246,0.62,0.88,us,us6000pgd5,2025-01-22T04:13:25.040Z,"35 km SW of Montecillos, Mexico",earthquake,5.5,1.945,0.062,75,reviewed,us,us
2024-12-29T22:28:01.226Z,16.1001,-98.8033,10,4.9,mb,64,185,0.706,0.73,us,us6000pgcu,2025-01-22T02:42:45.040Z,"45 km SW of Montecillos, Mexico",earthquake,4.42,1.921,0.036,247,reviewed,us,us
2024-12-29T22:20:41.174Z,9.2514,40.0826,10,5.1,mww,47,116,1.43,0.75,us,us6000pgct,2025-01-22T02:41:40.035Z,"31 km NNW of Āwash, Ethiopia",earthquake,6.11,1.9,0.11,8,reviewed,us,us
2024-12-29T20:34:33.928Z,15.9549,-98.8298,10,4.8,mb,119,150,1.524,0.87,us,us6000pgc6,2025-01-11T16:13:36.040Z,"59 km SW of Santiago Tepextla, Mexico",earthquake,6.72,1.904,0.033,288,reviewed,us,us
2024-12-29T19:51:36.526Z,23.5251,120.6776,24.705,4.6,mww,74,57,0.228,0.87,us,us6000pgc2,2025-01-11T15:59:41.538Z,"24 km E of Pizitou, Taiwan",earthquake,3.07,3.503,0.093,11,reviewed,us,us
2024-12-29T17:10:44.328Z,9.0898,40.1109,10,4.9,mb,90,65,1.427,0.65,us,us6000pgbj,2025-01-11T15:32:20.821Z,"13 km NNW of Āwash, Ethiopia",earthquake,5.2,1.85,0.058,94,reviewed,us,us
2024-12-29T15:22:06.954Z,23.3396,121.9272,10,4.5,mb,44,74,0.581,1.14,us,us6000pgb5,2025-01-19T16:27:23.040Z,"77 km SSE of Hualien City, Taiwan",earthquake,4.98,1.891,0.087,39,reviewed,us,us
2024-12-29T08:02:09.337Z,35.1088,26.3233,44.455,4.5,mb,96,56,1.187,0.6,us,us6000pg94,2025-01-16T07:41:05.261Z,"11 km SSE of Palekastro, Greece",earthquake,6.67,7.567,0.058,87,reviewed,us,us
2024-12-29T05:12:43.406Z,22.7627,142.4373,9.795,4.5,mb,23,123,4.32,0.57,us,us6000piys,2025-01-16T07:46:07.040Z,"Volcano Islands, Japan region",earthquake,10.24,4.726,0.132,17,reviewed,us,us
2024-12-29T03:57:23.971Z,9.2031,40.0245,10,4.8,mb,101,53,1.363,0.53,us,us6000pg8c,2025-01-13T17:18:07.205Z,"28 km NNW of Āwash, Ethiopia",earthquake,7.39,1.816,0.06,85,reviewed,us,us
2024-12-28T22:25:21.496Z,33.9214,-38.917,10,4.5,mb,24,149,18.174,0.68,us,us6000pix7,2025-01-15T23:02:30.040Z,"northern Mid-Atlantic Ridge",earthquake,11.51,1.941,0.131,18,reviewed,us,us
2024-12-28T21:55:08.881Z,0.2717,122.0891,141.554,4.6,mb,63,97,1.472,0.91,us,us6000pg76,2025-01-16T04:15:17.040Z,"112 km WSW of Gorontalo, Indonesia",earthquake,8.46,5.386,0.073,58,reviewed,us,us
2024-12-28T19:57:19.641Z,-20.4512,-177.8522,542.804,5.5,mww,100,78,4.716,0.67,us,us6000pg6r,2025-01-17T02:46:38.775Z,"277 km WNW of Houma, Tonga",earthquake,11.64,6.374,0.083,14,reviewed,us,us
2024-12-28T16:05:08.663Z,-19.2463,-173.8921,56.095,4.5,mb,26,99,3.752,0.66,us,us6000pix4,2025-01-22T23:23:35.040Z,"66 km S of Neiafu, Tonga",earthquake,10.38,11.872,0.124,20,reviewed,us,us
2024-12-28T13:57:53.137Z,-4.8188,153.318,45.613,4.5,mb,30,157,1.309,0.7,us,us6000pg5n,2025-01-12T14:42:53.040Z,"127 km ESE of Kokopo, Papua New Guinea",earthquake,8.17,6.177,0.106,26,reviewed,us,us
2024-12-28T08:34:06.013Z,-52.1283,-4.8343,10,5.6,mww,72,86,18.999,0.58,us,us6000pg43,2025-01-19T06:30:51.328Z,"southern Mid-Atlantic Ridge",earthquake,12.06,1.884,0.086,13,reviewed,us,us
2024-12-28T05:46:42.954Z,-5.1526,102.4081,34.713,4.5,mb,30,105,3.197,0.46,us,us6000pg3q,2025-01-18T09:48:01.040Z,"150 km S of Bengkulu, Indonesia",earthquake,4.37,6.546,0.121,20,reviewed,us,us
2024-12-28T05:12:12.845Z,9.3374,39.9953,10,4.5,mb,27,149,1.371,0.41,us,us6000pg3e,2025-01-18T09:44:10.040Z,"43 km NNW of Āwash, Ethiopia",earthquake,9.22,1.923,0.136,16,reviewed,us,us
2024-12-28T05:10:49.470Z,-13.8567,-14.5886,10,4.8,mb,50,135,25.965,0.45,us,us6000pixd,2025-01-18T09:36:36.040Z,"southern Mid-Atlantic Ridge",earthquake,14.43,1.914,0.084,44,reviewed,us,us
2024-12-28T05:09:40.073Z,-13.7767,-14.3932,10,5,mb,32,84,8.637,0.78,us,us6000pg3f,2025-01-18T09:37:58.040Z,"southern Mid-Atlantic Ridge",earthquake,12.97,1.898,0.103,30,reviewed,us,us
2024-12-28T02:10:34.211Z,30.414,142.0074,10,4.6,mb,57,124,3.278,0.64,us,us6000pg2u,2025-01-14T05:31:10.040Z,"Izu Islands, Japan region",earthquake,8.55,1.876,0.077,52,reviewed,us,us
2024-12-28T01:54:09.487Z,-13.7701,-14.5853,10,4.6,mb,14,137,5.805,1.02,us,us6000pixe,2025-01-15T23:04:12.040Z,"southern Mid-Atlantic Ridge",earthquake,11.28,1.923,0.158,12,reviewed,us,us
2024-12-28T01:52:16.583Z,-13.8824,-14.4898,10,5,mb,43,90,29.642,0.54,us,us6000pg2q,2025-01-15T23:22:25.040Z,"southern Mid-Atlantic Ridge",earthquake,11.85,1.87,0.094,36,reviewed,us,us
2024-12-28T00:41:56.900Z,-26.8937,-177.1608,100.262,4.6,mb,25,133,2.439,0.72,us,us6000pg2c,2025-01-14T04:40:08.040Z,"south of the Fiji Islands",earthquake,12.09,4.128,0.112,24,reviewed,us,us
2024-12-27T23:45:05.280Z,-17.905,167.5804,10,4.6,mb,13,128,2.471,0.51,us,us6000pg9l,2025-01-14T03:20:31.040Z,"79 km WSW of Port-Vila, Vanuatu",earthquake,8.07,1.85,0.152,13,reviewed,us,us
2024-12-27T22:39:56.605Z,3.2544,123.1875,480.874,4.7,mb,78,78,3.211,0.68,us,us6000pg12,2025-01-14T02:21:15.862Z,"269 km NW of Manado, Indonesia",earthquake,10.76,8.158,0.056,97,reviewed,us,us
2024-12-27T22:39:26.804Z,31.1844,66.6548,10,4.7,mb,76,99,3.922,0.89,us,us6000pg13,2025-01-14T00:56:41.196Z,"35 km NNE of Chaman, Pakistan",earthquake,8.61,1.886,0.063,78,reviewed,us,us
2024-12-27T19:10:05.808Z,37.3695,141.5863,45.48,5.3,mww,173,55,2.828,0.57,us,us6000pfz8,2025-01-22T22:22:11.188Z,"50 km E of Tomioka, Japan",earthquake,7.31,4.663,0.073,18,reviewed,us,us
2024-12-27T18:43:01.922Z,9.5567,126.148,81.262,5.5,mww,220,23,2.534,0.65,us,us6000pfz1,2025-01-22T21:37:17.219Z,"21 km ESE of Socorro, Philippines",earthquake,8.03,3.62,0.06,27,reviewed,us,us
2024-12-27T18:15:39.494Z,-22.2185,-68.6582,115.707,4.7,mwr,92,39,0.685,0.94,us,us6000pfyg,2025-01-22T20:10:48.040Z,"37 km NE of Calama, Chile",earthquake,5.35,4.773,0.059,28,reviewed,us,us
2024-12-27T17:30:08.760Z,2.0409,126.445,57.539,4.5,mb,76,42,1.561,0.75,us,us6000pfyc,2025-01-22T19:58:28.040Z,"160 km ENE of Bitung, Indonesia",earthquake,7.54,6.735,0.068,73,reviewed,us,us
2024-12-27T17:20:56.436Z,-17.8905,167.8241,10,4.9,mb,50,67,2.501,0.8,us,us6000pin5,2025-01-22T19:29:28.040Z,"54 km WSW of Port-Vila, Vanuatu",earthquake,4.71,1.873,0.095,40,reviewed,us,us
2024-12-27T16:55:53.556Z,35.3612,140.5831,46.338,4.6,mb,40,125,2.258,0.92,us,us6000pfy9,2025-01-11T22:03:32.707Z,"18 km E of Ichinomiya, Japan",earthquake,7.71,7.499,0.104,28,reviewed,us,us
2024-12-27T16:50:15.146Z,-18.1709,167.6948,10,4.9,mb,26,105,2.749,0.69,us,us6000pin2,2025-01-11T21:46:11.040Z,"81 km SW of Port-Vila, Vanuatu",earthquake,11.63,1.899,0.106,32,reviewed,us,us
2024-12-27T16:49:50.961Z,-17.8468,167.7484,10,4.8,mb,38,114,2.443,0.95,us,us6000pfy7,2025-01-11T21:38:55.040Z,"61 km WSW of Port-Vila, Vanuatu",earthquake,8.67,1.888,0.097,35,reviewed,us,us
2024-12-27T16:28:23.060Z,13.4039,-90.0084,75.18,4.7,mwr,51,140,0.598,0.95,us,us6000pfy2,2025-01-20T16:03:48.430Z,"28 km SW of Acajutla, El Salvador",earthquake,6.72,5.912,0.059,28,reviewed,us,us
2024-12-27T15:58:20.736Z,13.3564,57.6324,10,4.7,mb,62,59,11.606,1.05,us,us6000pfxx,2025-01-11T21:26:12.040Z,"Owen Fracture Zone region",earthquake,11.14,1.87,0.062,78,reviewed,us,us
2024-12-27T15:46:41.235Z,42.9153,146.9645,10,4.6,mb,58,135,2.957,1.04,us,us6000pfxu,2025-01-11T21:10:59.040Z,"100 km SSE of Shikotan, Russia",earthquake,8.97,1.881,0.06,84,reviewed,us,us
2024-12-27T15:26:27.150Z,9.1922,39.937,10,4.7,mb,62,94,1.276,0.82,us,us6000pfxq,2025-01-11T17:28:11.827Z,"32 km N of Metahāra, Ethiopia",earthquake,5.36,1.826,0.069,63,reviewed,us,us
2024-12-27T15:06:08.076Z,-26.5829,71.6989,10,4.6,mb,25,81,41.364,0.61,us,us6000pfxl,2025-01-11T17:22:27.040Z,"Mid-Indian Ridge",earthquake,15.26,1.9,0.133,17,reviewed,us,us
2024-12-27T13:29:58.873Z,1.2293,126.1709,48.391,4.8,mb,40,81,1.279,0.62,us,us6000pfwt,2025-01-15T13:03:23.040Z,"118 km ESE of Bitung, Indonesia",earthquake,6.2,7.356,0.08,49,reviewed,us,us
2024-12-27T12:47:37.885Z,47.3114,151.3468,146,6.8,mww,246,38,5.87,1.23,us,us6000pfw7,2025-01-24T12:18:20.068Z,"Kuril Islands",earthquake,8.46,1.934,0.037,70,reviewed,us,us
2024-12-27T10:43:49.391Z,19.5156,144.7414,416.134,5.3,mww,259,93,4.367,0.63,us,us6000pfvu,2025-01-24T10:53:53.400Z,"Maug Islands region, Northern Mariana Islands",earthquake,8.8,5.909,0.075,17,reviewed,us,us
2024-12-27T09:30:54.099Z,12.1603,143.9297,10,5.3,mww,157,91,1.69,0.47,us,us6000pfvi,2025-01-24T10:59:24.888Z,"146 km SSW of Merizo Village, Guam",earthquake,9.11,1.856,0.069,20,reviewed,us,us
2024-12-27T09:15:20.500Z,-1.6855,127.8466,10,4.6,mb,56,77,2.487,0.52,us,us6000pfvg,2025-01-23T16:32:14.040Z,"124 km SSE of Labuha, Indonesia",earthquake,7.5,1.887,0.081,45,reviewed,us,us
2024-12-27T05:30:07.144Z,34.0302,-38.6982,10,5.9,mww,112,98,11.314,0.68,us,us6000pfuq,2025-01-15T09:54:37.764Z,"northern Mid-Atlantic Ridge",earthquake,11.24,1.885,0.037,70,reviewed,us,us
2024-12-27T02:06:53.481Z,18.5386,121.1392,35,4.5,mb,52,136,4.258,0.9,us,us6000pimm,2025-01-13T20:09:55.040Z,"8 km SSW of Namuac, Philippines",earthquake,12.05,1.9,0.093,34,reviewed,us,us
2024-12-27T02:00:50.675Z,9.1692,39.917,10,4.9,mb,33,138,3.717,0.52,us,us6000pfu2,2025-01-13T02:57:52.394Z,"29 km N of Metahāra, Ethiopia",earthquake,11.44,1.912,0.1,31,reviewed,us,us
2024-12-27T01:57:17.494Z,8.0651,127.1275,13.449,4.7,mb,37,115,1.826,0.9,us,us6000pfu1,2025-01-13T06:10:14.040Z,"75 km E of Santa Maria, Philippines",earthquake,6.39,4.824,0.08,48,reviewed,us,us
2024-12-27T01:29:29.066Z,-11.5287,166.3301,10,4.6,mb,22,117,3.986,1.14,us,us6000pimb,2025-01-13T19:54:30.040Z,"106 km SSE of Lata, Solomon Islands",earthquake,15.36,1.918,0.122,20,reviewed,us,us
2024-12-26T21:48:20.129Z,30.5356,142.1891,10,4.5,mb,39,160,6.481,0.44,us,us6000pfsg,2025-01-13T00:46:58.040Z,"Izu Islands, Japan region",earthquake,13.02,1.906,0.104,27,reviewed,us,us
2024-12-26T21:02:25.916Z,30.5194,141.8262,10,5.8,mww,106,92,3.103,0.84,us,us6000pfs7,2025-01-13T00:37:52.406Z,"Izu Islands, Japan region",earthquake,8.07,1.842,0.051,37,reviewed,us,us
2024-12-26T19:57:59.382Z,-2.6176,99.7672,10,4.6,mb,37,177,3.623,0.49,us,us6000pfrq,2025-01-11T15:20:24.040Z,"68 km SSE of Tuapejat, Indonesia",earthquake,10.86,1.927,0.113,23,reviewed,us,us
2024-12-26T19:55:18.587Z,-2.7051,99.6841,10,4.5,mb,28,203,3.656,0.65,us,us6000pfrp,2025-01-11T15:18:12.040Z,"75 km S of Tuapejat, Indonesia",earthquake,11.9,1.597,0.128,18,reviewed,us,us
2024-12-26T18:24:50.216Z,-22.4187,173.2562,35,4.6,mb,27,135,5.375,0.74,us,us6000pfre,2025-01-11T14:47:42.040Z,"southeast of the Loyalty Islands",earthquake,8.83,1.95,0.119,22,reviewed,us,us
2024-12-26T16:25:52.566Z,28.0183,141.1156,74.565,4.5,mb,48,93,1.321,0.67,us,us6000pilr,2025-01-11T16:54:09.040Z,"Bonin Islands, Japan region",earthquake,9.73,8.098,0.091,35,reviewed,us,us
2024-12-26T14:57:28.278Z,-0.4295,123.4492,62.93,4.6,mb,36,118,0.91,1.05,us,us6000pfqg,2025-01-11T16:35:24.040Z,"93 km NE of Luwuk, Indonesia",earthquake,8.74,9.286,0.099,30,reviewed,us,us
2024-12-26T11:29:13.992Z,8.1871,125.9048,61.735,4.9,mb,48,91,1.156,0.96,us,us6000pfpp,2025-01-22T07:48:28.718Z,"5 km E of Loreto, Philippines",earthquake,10.01,7.89,0.087,41,reviewed,us,us
2024-12-26T10:26:20.024Z,8.473,125.927,24.23,5.3,mww,100,70,1.436,0.94,us,us6000pfph,2025-01-20T07:22:34.785Z,"3 km ESE of Borbon, Philippines",earthquake,8.13,3.957,0.059,28,reviewed,us,us
